# Made in Blockbench 5.0.5
mtllib gas_centrifuge.mtl

o cuboid
v -0.1875 5.5625 -1.9178932188134523
v -2.5 1.5 -2.84375
v -2.5 1.5 -2.96875
v -2.5 1 -2.84375
v -2.5 1 -2.96875
v -3 1.5 -2.84375
v -3 1.5 -2.96875
v -3 1 -2.84375
v -3 1 -2.96875
v -2.5 1 -2.9687499999999996
v -2.5 5.25 -2.9687500000000004
v -2.5 1 -3.4062499999999996
v -2.5 5.25 -3.4062500000000004
v -3 1 -2.9687499999999996
v -3 5.25 -2.9687500000000004
v -3 1 -3.4062499999999996
v -3 5.25 -3.4062500000000004
v -2.5 2.8749999999999996 -2.8437500000000004
v -2.5 3.3749999999999996 -2.84375
v -2.5 2.8749999999999996 -2.9687500000000004
v -2.5 3.3749999999999996 -2.96875
v -3 2.8749999999999996 -2.8437500000000004
v -3 3.3749999999999996 -2.84375
v -3 2.8749999999999996 -2.9687500000000004
v -3 3.3749999999999996 -2.96875
v -2.375 0.8749999999999998 -2.7187500000000004
v -2.375 1.625 -2.71875
v -2.375 0.8749999999999996 -2.8437500000000004
v -2.375 1.6249999999999998 -2.84375
v -3.125 0.8749999999999998 -2.7187500000000004
v -3.125 1.625 -2.71875
v -3.125 0.8749999999999996 -2.8437500000000004
v -3.125 1.6249999999999998 -2.84375
v -2.375 2.7499999999999996 -2.7187500000000004
v -2.375 3.4999999999999996 -2.71875
v -2.375 2.7499999999999996 -2.8437500000000004
v -2.375 3.4999999999999996 -2.84375
v -3.125 2.7499999999999996 -2.7187500000000004
v -3.125 3.4999999999999996 -2.71875
v -3.125 2.7499999999999996 -2.8437500000000004
v -3.125 3.4999999999999996 -2.84375
v -2.375 4.625 -2.7187500000000004
v -2.375 5.375 -2.71875
v -2.375 4.625 -2.8437500000000004
v -2.375 5.375 -2.84375
v -3.125 4.625 -2.7187500000000004
v -3.125 5.375 -2.71875
v -3.125 4.625 -2.8437500000000004
v -3.125 5.375 -2.84375
v -2.5 4.75 -2.8437500000000004
v -2.5 5.25 -2.84375
v -2.5 4.75 -2.9687500000000004
v -2.5 5.25 -2.96875
v -3 4.75 -2.8437500000000004
v -3 5.25 -2.84375
v -3 4.75 -2.9687500000000004
v -3 5.25 -2.96875
v -0.625 5.5625 -1.75
v -0.625 5.6875 -1.75
v -0.625 5.5625 -2.5
v -0.625 5.6875 -2.5
v -1.375 5.5625 -1.75
v -1.375 5.6875 -1.75
v -1.375 5.5625 -2.5
v -1.375 5.6875 -2.5
v 0.6875 5.5625 2.3125
v 0.6875 5.6875 2.3125
v 0.6875 5.5625 1.5625
v 0.6875 5.6875 1.5625
v -0.0625 5.5625 2.3125
v -0.0625 5.6875 2.3125
v -0.0625 5.5625 1.5625
v -0.0625 5.6875 1.5625
v 0.6875 5.5625 1
v 0.6875 5.6875 1
v 0.6875 5.5625 0.25000000000000044
v 0.6875 5.6875 0.25000000000000044
v -0.0625 5.5625 1
v -0.0625 5.6875 1
v -0.0625 5.5625 0.25000000000000044
v -0.0625 5.6875 0.25000000000000044
v 0.6875 5.5625 -0.37499999999999956
v 0.6875 5.6875 -0.37499999999999956
v 0.6875 5.5625 -1.1249999999999996
v 0.6875 5.6875 -1.1249999999999996
v -0.0625 5.5625 -0.37499999999999956
v -0.0625 5.6875 -0.37499999999999956
v -0.0625 5.5625 -1.1249999999999996
v -0.0625 5.6875 -1.1249999999999996
v 0.6875 5.5625 -1.75
v 0.6875 5.6875 -1.75
v 0.6875 5.5625 -2.5
v 0.6875 5.6875 -2.5
v -0.0625 5.5625 -1.75
v -0.0625 5.6875 -1.75
v -0.0625 5.5625 -2.5
v -0.0625 5.6875 -2.5
v 2 5.5625 2.3125
v 2 5.6875 2.3125
v 2 5.5625 1.5625
v 2 5.6875 1.5625
v 1.25 5.5625 2.3125
v 1.25 5.6875 2.3125
v 1.25 5.5625 1.5625
v 1.25 5.6875 1.5625
v 2 5.5625 1
v 2 5.6875 1
v 2 5.5625 0.25000000000000044
v 2 5.6875 0.25000000000000044
v 1.25 5.5625 1
v 1.25 5.6875 1
v 1.25 5.5625 0.25000000000000044
v 1.25 5.6875 0.25000000000000044
v 2 5.5625 -0.37499999999999956
v 2 5.6875 -0.37499999999999956
v 2 5.5625 -1.1249999999999996
v 2 5.6875 -1.1249999999999996
v 1.25 5.5625 -0.37499999999999956
v 1.25 5.6875 -0.37499999999999956
v 1.25 5.5625 -1.1249999999999996
v 1.25 5.6875 -1.1249999999999996
v 2 5.5625 -1.75
v 2 5.6875 -1.75
v 2 5.5625 -2.5
v 2 5.6875 -2.5
v 1.25 5.5625 -1.75
v 1.25 5.6875 -1.75
v 1.25 5.5625 -2.5
v 1.25 5.6875 -2.5
v -0.625 5.5625 -0.37499999999999956
v -0.625 5.6875 -0.37499999999999956
v -0.625 5.5625 -1.1249999999999996
v -0.625 5.6875 -1.1249999999999996
v -1.375 5.5625 -0.37499999999999956
v -1.375 5.6875 -0.37499999999999956
v -1.375 5.5625 -1.1249999999999996
v -1.375 5.6875 -1.1249999999999996
v -0.625 5.5625 1
v -0.625 5.6875 1
v -0.625 5.5625 0.25000000000000044
v -0.625 5.6875 0.25000000000000044
v -1.375 5.5625 1
v -1.375 5.6875 1
v -1.375 5.5625 0.25000000000000044
v -1.375 5.6875 0.25000000000000044
v -0.625 5.5625 2.3125
v -0.625 5.6875 2.3125
v -0.625 5.5625 1.5625
v -0.625 5.6875 1.5625
v -1.375 5.5625 2.3125
v -1.375 5.6875 2.3125
v -1.375 5.5625 1.5625
v -1.375 5.6875 1.5625
v -0.75 2.7499999999999996 -2.90625
v -0.75 3.2499999999999996 -2.9062499999999996
v -0.75 2.75 -3.40625
v -0.75 3.25 -3.4062499999999996
v -2.5 2.7499999999999996 -2.90625
v -2.5 3.2499999999999996 -2.9062499999999996
v -2.5 2.75 -3.40625
v -2.5 3.25 -3.4062499999999996
v -0.75 3.2499999999999996 -2.9062499999999996
v -0.75 6.4375 -2.906250000000001
v -0.75 3.25 -3.4062499999999996
v -0.75 6.4375 -3.406250000000001
v -1.25 3.2499999999999996 -2.9062499999999996
v -1.25 6.4375 -2.906250000000001
v -1.25 3.25 -3.4062499999999996
v -1.25 6.4375 -3.406250000000001
v -0.75 5.9375 -2.375
v -0.75 6.4375 -2.3750000000000004
v -0.75 5.9375 -2.9062500000000004
v -0.75 6.4375 -2.9062500000000004
v -1.25 5.9375 -2.375
v -1.25 6.4375 -2.3750000000000004
v -1.25 5.9375 -2.9062500000000004
v -1.25 6.4375 -2.9062500000000004
v -0.75 5.6875 -1.8750000000000004
v -0.75 6.4375 -1.8750000000000007
v -0.75 5.6875 -2.375
v -0.75 6.4375 -2.3750000000000004
v -1.25 5.6875 -1.8750000000000004
v -1.25 6.4375 -1.8750000000000007
v -1.25 5.6875 -2.375
v -1.25 6.4375 -2.3750000000000004
v 0.0625 5.9375 -1.8750000000000002
v 0.0625 6.4375 -1.8750000000000004
v 0.0625 5.9375 -2.375
v 0.0625 6.4375 -2.3750000000000004
v -0.75 5.9375 -1.8750000000000002
v -0.75 6.4375 -1.8750000000000004
v -0.75 5.9375 -2.375
v -0.75 6.4375 -2.3750000000000004
v 1.375 5.9375 -1.8750000000000002
v 1.375 6.4375 -1.8750000000000004
v 1.375 5.9375 -2.375
v 1.375 6.4375 -2.3750000000000004
v 0.5625 5.9375 -1.8750000000000002
v 0.5625 6.4375 -1.8750000000000004
v 0.5625 5.9375 -2.375
v 0.5625 6.4375 -2.3750000000000004
v 0.0625 5.9375 -0.5000000000000004
v 0.0625 6.4375 -0.5000000000000004
v 0.0625 5.9375 -1.0000000000000004
v 0.0625 6.4375 -1.0000000000000004
v -0.75 5.9375 -0.5000000000000004
v -0.75 6.4375 -0.5000000000000004
v -0.75 5.9375 -1.0000000000000004
v -0.75 6.4375 -1.0000000000000004
v 1.375 5.9375 -0.5000000000000004
v 1.375 6.4375 -0.5000000000000004
v 1.375 5.9375 -1.0000000000000004
v 1.375 6.4375 -1.0000000000000004
v 0.5625 5.9375 -0.5000000000000004
v 0.5625 6.4375 -0.5000000000000004
v 0.5625 5.9375 -1.0000000000000004
v 0.5625 6.4375 -1.0000000000000004
v 0.0625 5.9375 0.8749999999999991
v 0.0625 6.4375 0.8749999999999991
v 0.0625 5.9375 0.37499999999999956
v 0.0625 6.4375 0.37499999999999956
v -0.75 5.9375 0.8749999999999991
v -0.75 6.4375 0.8749999999999991
v -0.75 5.9375 0.37499999999999956
v -0.75 6.4375 0.37499999999999956
v 1.375 5.9375 0.8749999999999991
v 1.375 6.4375 0.8749999999999991
v 1.375 5.9375 0.37499999999999956
v 1.375 6.4375 0.37499999999999956
v 0.5625 5.9375 0.8749999999999991
v 0.5625 6.4375 0.8749999999999991
v 0.5625 5.9375 0.37499999999999956
v 0.5625 6.4375 0.37499999999999956
v 0.0625 5.9375 2.187499999999999
v 0.0625 6.4375 2.187499999999999
v 0.0625 5.9375 1.6874999999999991
v 0.0625 6.4375 1.6874999999999991
v -0.75 5.9375 2.187499999999999
v -0.75 6.4375 2.187499999999999
v -0.75 5.9375 1.6874999999999991
v -0.75 6.4375 1.6874999999999991
v 1.375 5.9375 2.187499999999999
v 1.375 6.4375 2.187499999999999
v 1.375 5.9375 1.6874999999999991
v 1.375 6.4375 1.6874999999999991
v 0.5625 5.9375 2.187499999999999
v 0.5625 6.4375 2.187499999999999
v 0.5625 5.9375 1.6874999999999991
v 0.5625 6.4375 1.6874999999999991
v -0.75 5.9375 -1.0000000000000004
v -0.75 6.4375 -1.0000000000000004
v -0.75 5.9375 -1.8750000000000002
v -0.75 6.4375 -1.8750000000000004
v -1.25 5.9375 -1.0000000000000004
v -1.25 6.4375 -1.0000000000000004
v -1.25 5.9375 -1.8750000000000002
v -1.25 6.4375 -1.8750000000000004
v -0.75 5.9375 0.37499999999999956
v -0.75 6.4375 0.37499999999999956
v -0.75 5.9375 -0.5000000000000004
v -0.75 6.4375 -0.5000000000000004
v -1.25 5.9375 0.37499999999999956
v -1.25 6.4375 0.37499999999999956
v -1.25 5.9375 -0.5000000000000004
v -1.25 6.4375 -0.5000000000000004
v -0.75 5.9375 1.6875
v -0.75 6.4375 1.6875
v -0.75 5.9375 0.875
v -0.75 6.4375 0.875
v -1.25 5.9375 1.6875
v -1.25 6.4375 1.6875
v -1.25 5.9375 0.875
v -1.25 6.4375 0.875
v -0.75 5.6875 -0.5
v -0.75 6.4375 -0.5000000000000004
v -0.75 5.6875 -1
v -0.75 6.4375 -1.0000000000000009
v -1.25 5.6875 -0.5
v -1.25 6.4375 -0.5000000000000004
v -1.25 5.6875 -1
v -1.25 6.4375 -1.0000000000000009
v -0.75 5.6875 0.8749999999999991
v -0.75 6.4375 0.8749999999999991
v -0.75 5.6875 0.375
v -0.75 6.4375 0.37499999999999956
v -1.25 5.6875 0.8749999999999991
v -1.25 6.4375 0.8749999999999991
v -1.25 5.6875 0.375
v -1.25 6.4375 0.37499999999999956
v -0.75 5.6875 2.187499999999999
v -0.75 6.4375 2.187499999999999
v -0.75 5.6875 1.6874999999999991
v -0.75 6.4375 1.6874999999999991
v -1.25 5.6875 2.187499999999999
v -1.25 6.4375 2.187499999999999
v -1.25 5.6875 1.6874999999999991
v -1.25 6.4375 1.6874999999999991
v 0.5625 5.6875 -1.8750000000000004
v 0.5625 6.4375 -1.8750000000000007
v 0.5625 5.6875 -2.375
v 0.5625 6.4375 -2.3750000000000004
v 0.0625 5.6875 -1.8750000000000004
v 0.0625 6.4375 -1.8750000000000007
v 0.0625 5.6875 -2.375
v 0.0625 6.4375 -2.3750000000000004
v 0.5625 5.6875 -0.5
v 0.5625 6.4375 -0.5000000000000004
v 0.5625 5.6875 -1
v 0.5625 6.4375 -1.0000000000000009
v 0.0625 5.6875 -0.5
v 0.0625 6.4375 -0.5000000000000004
v 0.0625 5.6875 -1
v 0.0625 6.4375 -1.0000000000000009
v 0.5625 5.6875 0.8749999999999991
v 0.5625 6.4375 0.8749999999999991
v 0.5625 5.6875 0.375
v 0.5625 6.4375 0.37499999999999956
v 0.0625 5.6875 0.8749999999999991
v 0.0625 6.4375 0.8749999999999991
v 0.0625 5.6875 0.375
v 0.0625 6.4375 0.37499999999999956
v 0.5625 5.6875 2.187499999999999
v 0.5625 6.4375 2.187499999999999
v 0.5625 5.6875 1.6874999999999991
v 0.5625 6.4375 1.6874999999999991
v 0.0625 5.6875 2.187499999999999
v 0.0625 6.4375 2.187499999999999
v 0.0625 5.6875 1.6874999999999991
v 0.0625 6.4375 1.6874999999999991
v 1.875 5.6875 -1.8750000000000004
v 1.875 6.4375 -1.8750000000000007
v 1.875 5.6875 -2.375
v 1.875 6.4375 -2.3750000000000004
v 1.375 5.6875 -1.8750000000000004
v 1.375 6.4375 -1.8750000000000007
v 1.375 5.6875 -2.375
v 1.375 6.4375 -2.3750000000000004
v 1.875 5.6875 -0.5
v 1.875 6.4375 -0.5000000000000004
v 1.875 5.6875 -1
v 1.875 6.4375 -1.0000000000000009
v 1.375 5.6875 -0.5
v 1.375 6.4375 -0.5000000000000004
v 1.375 5.6875 -1
v 1.375 6.4375 -1.0000000000000009
v 1.875 5.6875 0.8749999999999991
v 1.875 6.4375 0.8749999999999991
v 1.875 5.6875 0.375
v 1.875 6.4375 0.37499999999999956
v 1.375 5.6875 0.8749999999999991
v 1.375 6.4375 0.8749999999999991
v 1.375 5.6875 0.375
v 1.375 6.4375 0.37499999999999956
v 1.875 5.6875 2.187499999999999
v 1.875 6.4375 2.187499999999999
v 1.875 5.6875 1.6874999999999991
v 1.875 6.4375 1.6874999999999991
v 1.375 5.6875 2.187499999999999
v 1.375 6.4375 2.187499999999999
v 1.375 5.6875 1.6874999999999991
v 1.375 6.4375 1.6874999999999991
v -2.375 2.125 3.375
v -2.375 2.125 2.625
v -2.375 1.9999999999999998 3.375
v -2.375 1.9999999999999998 2.625
v -3.125 2.125 3.375
v -3.125 2.125 2.625
v -3.125 1.9999999999999998 3.375
v -3.125 1.9999999999999998 2.625
v -2.375 3.5 2.625
v -2.375 3.5 2.5
v -2.375 2.75 2.625
v -2.375 2.75 2.5
v -3.125 3.5 2.625
v -3.125 3.5 2.5
v -3.125 2.75 2.625
v -3.125 2.75 2.5
v -2.375 5.4375 2.625
v -2.375 5.4375 2.5
v -2.375 4.625 2.625
v -2.375 4.625 2.5
v -3.125 5.4375 2.625
v -3.125 5.4375 2.5
v -3.125 4.625 2.625
v -3.125 4.625 2.5
v -2.5 5.3125 2.75
v -2.5 5.3125 2.625
v -2.5 4.75 2.75
v -2.5 4.75 2.625
v -3 5.3125 2.75
v -3 5.3125 2.625
v -3 4.75 2.75
v -3 4.75 2.625
v -2.5 3.375 2.75
v -2.5 3.375 2.625
v -2.5 2.875 2.75
v -2.5 2.875 2.625
v -3 3.375 2.75
v -3 3.375 2.625
v -3 2.875 2.75
v -3 2.875 2.625
v -2.5 5.3125 3.25
v -2.5 5.3125 2.75
v -2.5 2.125 3.25
v -2.5 2.125 2.75
v -3 5.3125 3.25
v -3 5.3125 2.75
v -3 2.125 3.25
v -3 2.125 2.75
v -0.625 1.4375 2.3125
v -0.625 1.4375 1.5625
v -0.625 1.3125 2.3125
v -0.625 1.3125 1.5625
v -1.375 1.4375 2.3125
v -1.375 1.4375 1.5625
v -1.375 1.3125 2.3125
v -1.375 1.3125 1.5625
v 1.875 1.3125 -1.875
v 1.875 1.3125 -2.375
v 1.875 0.75 -1.875
v 1.875 0.75 -2.375
v 1.375 1.3125 -1.875
v 1.375 1.3125 -2.375
v 1.375 0.75 -1.875
v 1.375 0.75 -2.375
v 1.875 1.3125 -0.5
v 1.875 1.3125 -1
v 1.875 0.75 -0.5
v 1.875 0.75 -1
v 1.375 1.3125 -0.5
v 1.375 1.3125 -1
v 1.375 0.75 -0.5
v 1.375 0.75 -1
v 1.875 1.3125 0.875
v 1.875 1.3125 0.375
v 1.875 0.75 0.875
v 1.875 0.75 0.375
v 1.375 1.3125 0.875
v 1.375 1.3125 0.375
v 1.375 0.75 0.875
v 1.375 0.75 0.375
v 1.875 1.3125 2.1875
v 1.875 1.3125 1.6875
v 1.875 0.75 2.1875
v 1.875 0.75 1.6875
v 1.375 1.3125 2.1875
v 1.375 1.3125 1.6875
v 1.375 0.75 2.1875
v 1.375 0.75 1.6875
v 0.5625 1.3125 -1.875
v 0.5625 1.3125 -2.375
v 0.5625 0.75 -1.875
v 0.5625 0.75 -2.375
v 0.0625 1.3125 -1.875
v 0.0625 1.3125 -2.375
v 0.0625 0.75 -1.875
v 0.0625 0.75 -2.375
v 0.5625 1.3125 -0.5
v 0.5625 1.3125 -1
v 0.5625 0.75 -0.5
v 0.5625 0.75 -1
v 0.0625 1.3125 -0.5
v 0.0625 1.3125 -1
v 0.0625 0.75 -0.5
v 0.0625 0.75 -1
v 0.5625 1.3125 0.875
v 0.5625 1.3125 0.375
v 0.5625 0.75 0.875
v 0.5625 0.75 0.375
v 0.0625 1.3125 0.875
v 0.0625 1.3125 0.375
v 0.0625 0.75 0.875
v 0.0625 0.75 0.375
v 0.5625 1.3125 2.1875
v 0.5625 1.3125 1.6875
v 0.5625 0.75 2.1875
v 0.5625 0.75 1.6875
v 0.0625 1.3125 2.1875
v 0.0625 1.3125 1.6875
v 0.0625 0.75 2.1875
v 0.0625 0.75 1.6875
v -0.75 1.3125 -1.875
v -0.75 1.3125 -2.375
v -0.75 0.75 -1.875
v -0.75 0.75 -2.375
v -1.25 1.3125 -1.875
v -1.25 1.3125 -2.375
v -1.25 0.75 -1.875
v -1.25 0.75 -2.375
v -0.75 1.3125 -0.5
v -0.75 1.3125 -1
v -0.75 0.75 -0.5
v -0.75 0.75 -1
v -1.25 1.3125 -0.5
v -1.25 1.3125 -1
v -1.25 0.75 -0.5
v -1.25 0.75 -1
v -0.75 1.3125 0.875
v -0.75 1.3125 0.375
v -0.75 0.75 0.875
v -0.75 0.75 0.375
v -1.25 1.3125 0.875
v -1.25 1.3125 0.375
v -1.25 0.75 0.875
v -1.25 0.75 0.375
v -0.75 1.3125 2.1875
v -0.75 1.3125 1.6875
v -0.75 0.75 2.1875
v -0.75 0.75 1.6875
v -1.25 1.3125 2.1875
v -1.25 1.3125 1.6875
v -1.25 0.75 2.1875
v -1.25 0.75 1.6875
v 0.0625 1.25 -1.875
v 0.0625 1.25 -2.375
v 0.0625 0.75 -1.875
v 0.0625 0.75 -2.375
v -0.75 1.25 -1.875
v -0.75 1.25 -2.375
v -0.75 0.75 -1.875
v -0.75 0.75 -2.375
v 1.375 1.25 2.1875
v 1.375 1.25 1.6875
v 1.375 0.75 2.1875
v 1.375 0.75 1.6875
v 0.5625 1.25 2.1875
v 0.5625 1.25 1.6875
v 0.5625 0.75 2.1875
v 0.5625 0.75 1.6875
v 1.375 1.25 0.875
v 1.375 1.25 0.375
v 1.375 0.75 0.875
v 1.375 0.75 0.375
v 0.5625 1.25 0.875
v 0.5625 1.25 0.375
v 0.5625 0.75 0.875
v 0.5625 0.75 0.375
v 1.375 1.25 -0.5
v 1.375 1.25 -1
v 1.375 0.75 -0.5
v 1.375 0.75 -1
v 0.5625 1.25 -0.5
v 0.5625 1.25 -1
v 0.5625 0.75 -0.5
v 0.5625 0.75 -1
v 1.375 1.25 -1.875
v 1.375 1.25 -2.375
v 1.375 0.75 -1.875
v 1.375 0.75 -2.375
v 0.5625 1.25 -1.875
v 0.5625 1.25 -2.375
v 0.5625 0.75 -1.875
v 0.5625 0.75 -2.375
v 1.875 1.25 1.6875
v 1.875 1.25 0.875
v 1.875 0.75 1.6875
v 1.875 0.75 0.875
v 1.375 1.25 1.6875
v 1.375 1.25 0.875
v 1.375 0.75 1.6875
v 1.375 0.75 0.875
v 1.875 1.25 0.375
v 1.875 1.25 -0.5
v 1.875 0.75 0.375
v 1.875 0.75 -0.5
v 1.375 1.25 0.375
v 1.375 1.25 -0.5
v 1.375 0.75 0.375
v 1.375 0.75 -0.5
v 2.375 1.25 0.25
v 2.375 1.25 -0.25
v 2.375 0.75 0.25
v 2.375 0.75 -0.25
v 1.875 1.25 0.25
v 1.875 1.25 -0.25
v 1.875 0.75 0.25
v 1.875 0.75 -0.25
v 2.5 1.375 0.375
v 2.5 1.375 -0.375
v 2.5 0.625 0.375
v 2.5 0.625 -0.375
v 2.375 1.375 0.375
v 2.375 1.375 -0.375
v 2.375 0.625 0.375
v 2.375 0.625 -0.375
v 1.875 1.25 -1
v 1.875 1.25 -1.875
v 1.875 0.75 -1
v 1.875 0.75 -1.875
v 1.375 1.25 -1
v 1.375 1.25 -1.875
v 1.375 0.75 -1
v 1.375 0.75 -1.875
v 0.0625 1.25 -0.5
v 0.0625 1.25 -1
v 0.0625 0.75 -0.5
v 0.0625 0.75 -1
v -0.75 1.25 -0.5
v -0.75 1.25 -1
v -0.75 0.75 -0.5
v -0.75 0.75 -1
v 0.0625 1.25 0.875
v 0.0625 1.25 0.375
v 0.0625 0.75 0.875
v 0.0625 0.75 0.375
v -0.75 1.25 0.875
v -0.75 1.25 0.375
v -0.75 0.75 0.875
v -0.75 0.75 0.375
v 0.0625 1.25 2.1875
v 0.0625 1.25 1.6875
v 0.0625 0.75 2.1875
v 0.0625 0.75 1.6875
v -0.75 1.25 2.1875
v -0.75 1.25 1.6875
v -0.75 0.75 2.1875
v -0.75 0.75 1.6875
v -0.625 1.4375 1
v -0.625 1.4375 0.25
v -0.625 1.3125 1
v -0.625 1.3125 0.25
v -1.375 1.4375 1
v -1.375 1.4375 0.25
v -1.375 1.3125 1
v -1.375 1.3125 0.25
v -0.625 1.4375 -0.375
v -0.625 1.4375 -1.125
v -0.625 1.3125 -0.375
v -0.625 1.3125 -1.125
v -1.375 1.4375 -0.375
v -1.375 1.4375 -1.125
v -1.375 1.3125 -0.375
v -1.375 1.3125 -1.125
v -0.625 1.4375 -1.75
v -0.625 1.4375 -2.5
v -0.625 1.3125 -1.75
v -0.625 1.3125 -2.5
v -1.375 1.4375 -1.75
v -1.375 1.4375 -2.5
v -1.375 1.3125 -1.75
v -1.375 1.3125 -2.5
v 0.6875 1.4375 2.3125
v 0.6875 1.4375 1.5625
v 0.6875 1.3125 2.3125
v 0.6875 1.3125 1.5625
v -0.0625 1.4375 2.3125
v -0.0625 1.4375 1.5625
v -0.0625 1.3125 2.3125
v -0.0625 1.3125 1.5625
v 0.6875 1.4375 1
v 0.6875 1.4375 0.25
v 0.6875 1.3125 1
v 0.6875 1.3125 0.25
v -0.0625 1.4375 1
v -0.0625 1.4375 0.25
v -0.0625 1.3125 1
v -0.0625 1.3125 0.25
v 0.6875 1.4375 -0.375
v 0.6875 1.4375 -1.125
v 0.6875 1.3125 -0.375
v 0.6875 1.3125 -1.125
v -0.0625 1.4375 -0.375
v -0.0625 1.4375 -1.125
v -0.0625 1.3125 -0.375
v -0.0625 1.3125 -1.125
v 0.6875 1.4375 -1.75
v 0.6875 1.4375 -2.5
v 0.6875 1.3125 -1.75
v 0.6875 1.3125 -2.5
v -0.0625 1.4375 -1.75
v -0.0625 1.4375 -2.5
v -0.0625 1.3125 -1.75
v -0.0625 1.3125 -2.5
v 2 1.4375 2.3125
v 2 1.4375 1.5625
v 2 1.3125 2.3125
v 2 1.3125 1.5625
v 1.25 1.4375 2.3125
v 1.25 1.4375 1.5625
v 1.25 1.3125 2.3125
v 1.25 1.3125 1.5625
v 2 1.4375 1
v 2 1.4375 0.25
v 2 1.3125 1
v 2 1.3125 0.25
v 1.25 1.4375 1
v 1.25 1.4375 0.25
v 1.25 1.3125 1
v 1.25 1.3125 0.25
v 2 1.4375 -0.375
v 2 1.4375 -1.125
v 2 1.3125 -0.375
v 2 1.3125 -1.125
v 1.25 1.4375 -0.375
v 1.25 1.4375 -1.125
v 1.25 1.3125 -0.375
v 1.25 1.3125 -1.125
v 2 1.4375 -1.75
v 2 1.4375 -2.5
v 2 1.3125 -1.75
v 2 1.3125 -2.5
v 1.25 1.4375 -1.75
v 1.25 1.4375 -2.5
v 1.25 1.3125 -1.75
v 1.25 1.3125 -2.5
v 3.5 0.5 3.5
v 3.5 0.5 -3.5
v 3.5 0 3.5
v 3.5 0 -3.5
v -3.5 0.5 3.5
v -3.5 0.5 -3.5
v -3.5 0 3.5
v -3.5 0 -3.5
v 0.3125 1.4375 -2.125
v 0.3125 5.5625 -2.125
v 0.5196067811865475 1.4375 -1.625
v 0.5196067811865475 5.5625 -1.625
v 0.8125 1.4375 -1.9178932188134525
v 0.8125 5.5625 -1.9178932188134525
v 0.8125 1.4375 -2.3321067811865475
v 0.8125 5.5625 -2.3321067811865475
v 0.5196067811865475 1.4375 -2.625
v 0.5196067811865475 5.5625 -2.625
v 0.10539321881345254 1.4375 -2.625
v 0.10539321881345254 5.5625 -2.625
v -0.1875 1.4375 -2.332106781186548
v -0.1875 5.5625 -2.332106781186548
v -0.1875 1.4375 -1.9178932188134523
v 0.1053932188134521 1.4375 -1.6250000000000002
v 0.1053932188134521 5.5625 -1.6250000000000002
v 0.3125 1.4375 -0.75
v 0.3125 5.5625 -0.75
v 0.5196067811865475 1.4375 -0.25
v 0.5196067811865475 5.5625 -0.25
v 0.8125 1.4375 -0.5428932188134525
v 0.8125 5.5625 -0.5428932188134525
v 0.8125 1.4375 -0.9571067811865475
v 0.8125 5.5625 -0.9571067811865475
v 0.5196067811865475 1.4375 -1.25
v 0.5196067811865475 5.5625 -1.25
v 0.10539321881345254 1.4375 -1.25
v 0.10539321881345254 5.5625 -1.25
v -0.1875 1.4375 -0.9571067811865479
v -0.1875 5.5625 -0.9571067811865479
v -0.1875 1.4375 -0.5428932188134521
v -0.1875 5.5625 -0.5428932188134521
v 0.1053932188134521 1.4375 -0.25
v 0.1053932188134521 5.5625 -0.25
v 0.3125 1.4375 0.625
v 0.3125 5.5625 0.625
v 0.5196067811865475 1.4375 1.125
v 0.5196067811865475 5.5625 1.125
v 0.8125 1.4375 0.8321067811865475
v 0.8125 5.5625 0.8321067811865475
v 0.8125 1.4375 0.41789321881345254
v 0.8125 5.5625 0.41789321881345254
v 0.5196067811865475 1.4375 0.125
v 0.5196067811865475 5.5625 0.125
v 0.10539321881345254 1.4375 0.125
v 0.10539321881345254 5.5625 0.125
v -0.1875 1.4375 0.4178932188134521
v -0.1875 5.5625 0.4178932188134521
v -0.1875 1.4375 0.8321067811865479
v -0.1875 5.5625 0.8321067811865479
v 0.1053932188134521 1.4375 1.125
v 0.1053932188134521 5.5625 1.125
v 0.3125 1.4375 1.9375
v 0.3125 5.5625 1.9375
v 0.5196067811865475 1.4375 2.4375
v 0.5196067811865475 5.5625 2.4375
v 0.8125 1.4375 2.144606781186548
v 0.8125 5.5625 2.144606781186548
v 0.8125 1.4375 1.730393218813452
v 0.8125 5.5625 1.730393218813452
v 0.5196067811865475 1.4375 1.4375
v 0.5196067811865475 5.5625 1.4375
v 0.10539321881345254 1.4375 1.4375
v 0.10539321881345254 5.5625 1.4375
v -0.1875 1.4375 1.730393218813452
v -0.1875 5.5625 1.730393218813452
v -0.1875 1.4375 2.144606781186548
v -0.1875 5.5625 2.144606781186548
v 0.1053932188134521 1.4375 2.4375
v 0.1053932188134521 5.5625 2.4375
v 1.625 1.4375 1.9375
v 1.625 5.5625 1.9375
v 1.832106781186548 1.4375 2.4375
v 1.832106781186548 5.5625 2.4375
v 2.125 1.4375 2.144606781186548
v 2.125 5.5625 2.144606781186548
v 2.125 1.4375 1.730393218813452
v 2.125 5.5625 1.730393218813452
v 1.832106781186548 1.4375 1.4375
v 1.832106781186548 5.5625 1.4375
v 1.417893218813452 1.4375 1.4375
v 1.417893218813452 5.5625 1.4375
v 1.125 1.4375 1.730393218813452
v 1.125 5.5625 1.730393218813452
v 1.125 1.4375 2.144606781186548
v 1.125 5.5625 2.144606781186548
v 1.417893218813452 1.4375 2.4375
v 1.417893218813452 5.5625 2.4375
v 1.625 1.4375 0.625
v 1.625 5.5625 0.625
v 1.832106781186548 1.4375 1.125
v 1.832106781186548 5.5625 1.125
v 2.125 1.4375 0.8321067811865475
v 2.125 5.5625 0.8321067811865475
v 2.125 1.4375 0.41789321881345254
v 2.125 5.5625 0.41789321881345254
v 1.832106781186548 1.4375 0.125
v 1.832106781186548 5.5625 0.125
v 1.417893218813452 1.4375 0.125
v 1.417893218813452 5.5625 0.125
v 1.125 1.4375 0.4178932188134521
v 1.125 5.5625 0.4178932188134521
v 1.125 1.4375 0.8321067811865479
v 1.125 5.5625 0.8321067811865479
v 1.417893218813452 1.4375 1.125
v 1.417893218813452 5.5625 1.125
v 1.625 1.4375 -0.75
v 1.625 5.5625 -0.75
v 1.832106781186548 1.4375 -0.25
v 1.832106781186548 5.5625 -0.25
v 2.125 1.4375 -0.5428932188134525
v 2.125 5.5625 -0.5428932188134525
v 2.125 1.4375 -0.9571067811865475
v 2.125 5.5625 -0.9571067811865475
v 1.832106781186548 1.4375 -1.25
v 1.832106781186548 5.5625 -1.25
v 1.417893218813452 1.4375 -1.25
v 1.417893218813452 5.5625 -1.25
v 1.125 1.4375 -0.9571067811865479
v 1.125 5.5625 -0.9571067811865479
v 1.125 1.4375 -0.5428932188134521
v 1.125 5.5625 -0.5428932188134521
v 1.417893218813452 1.4375 -0.25
v 1.417893218813452 5.5625 -0.25
v 1.625 1.4375 -2.125
v 1.625 5.5625 -2.125
v 1.832106781186548 1.4375 -1.625
v 1.832106781186548 5.5625 -1.625
v 2.125 1.4375 -1.9178932188134525
v 2.125 5.5625 -1.9178932188134525
v 2.125 1.4375 -2.3321067811865475
v 2.125 5.5625 -2.3321067811865475
v 1.832106781186548 1.4375 -2.625
v 1.832106781186548 5.5625 -2.625
v 1.417893218813452 1.4375 -2.625
v 1.417893218813452 5.5625 -2.625
v 1.125 1.4375 -2.332106781186548
v 1.125 5.5625 -2.332106781186548
v 1.125 1.4375 -1.9178932188134523
v 1.125 5.5625 -1.9178932188134523
v 1.417893218813452 1.4375 -1.6250000000000002
v 1.417893218813452 5.5625 -1.6250000000000002
v -2.75 1.2499999999999993 2.5
v -2.75 1.2500000000000007 -2.7187499999999987
v -2.4393398282201786 1.9999999999999996 2.5
v -2.4393398282201786 2.0000000000000004 -2.7187499999999987
v -2 1.5606601717798207 2.5
v -2 1.5606601717798219 -2.7187499999999987
v -2 0.9393398282201781 2.5
v -2 0.9393398282201793 -2.7187499999999987
v -2.4393398282201786 0.49999999999999944 2.5
v -2.4393398282201786 0.5000000000000006 -2.7187499999999987
v -3.0606601717798214 0.49999999999999933 2.5
v -3.0606601717798214 0.5000000000000004 -2.7187499999999987
v -3.5 0.9393398282201777 2.5
v -3.5 0.9393398282201788 -2.7187499999999987
v -3.5 1.560660171779821 2.5
v -3.5 1.560660171779822 -2.7187499999999987
v -3.060660171779822 1.9999999999999993 2.5
v -3.060660171779822 2.0000000000000004 -2.7187499999999987
v -2.75 3.1249999999999996 2.5
v -2.75 3.1250000000000004 -2.7187499999999987
v -2.4393398282201786 3.8749999999999996 2.5
v -2.4393398282201786 3.8750000000000004 -2.7187499999999987
v -2 3.435660171779821 2.5
v -2 3.435660171779822 -2.7187499999999987
v -2 2.814339828220178 2.5
v -2 2.8143398282201795 -2.7187499999999987
v -2.4393398282201786 2.3749999999999996 2.5
v -2.4393398282201786 2.3750000000000004 -2.7187499999999987
v -3.0606601717798214 2.374999999999999 2.5
v -3.0606601717798214 2.3750000000000004 -2.7187499999999987
v -3.5 2.8143398282201777 2.5
v -3.5 2.814339828220179 -2.7187499999999987
v -3.5 3.435660171779821 2.5
v -3.5 3.435660171779822 -2.7187499999999987
v -3.060660171779822 3.874999999999999 2.5
v -3.060660171779822 3.8750000000000004 -2.7187499999999987
v -2.75 4.999999999999999 2.5
v -2.75 5.000000000000001 -2.7187499999999987
v -2.4393398282201786 5.749999999999999 2.5
v -2.4393398282201786 5.750000000000001 -2.7187499999999987
v -2 5.310660171779821 2.5
v -2 5.310660171779822 -2.7187499999999987
v -2 4.689339828220178 2.5
v -2 4.689339828220179 -2.7187499999999987
v -2.4393398282201786 4.249999999999999 2.5
v -2.4393398282201786 4.250000000000001 -2.7187499999999987
v -3.0606601717798214 4.249999999999999 2.5
v -3.0606601717798214 4.25 -2.7187499999999987
v -3.5 4.689339828220177 2.5
v -3.5 4.689339828220179 -2.7187499999999987
v -3.5 5.310660171779821 2.5
v -3.5 5.310660171779822 -2.7187499999999987
v -3.060660171779822 5.749999999999999 2.5
v -3.060660171779822 5.75 -2.7187499999999987
v -1 1.4375 -2.125
v -1 5.5625 -2.125
v -0.7928932188134525 1.4375 -1.625
v -0.7928932188134525 5.5625 -1.625
v -0.5 1.4375 -1.9178932188134525
v -0.5 5.5625 -1.9178932188134525
v -0.5 1.4375 -2.3321067811865475
v -0.5 5.5625 -2.3321067811865475
v -0.7928932188134525 1.4375 -2.625
v -0.7928932188134525 5.5625 -2.625
v -1.2071067811865475 1.4375 -2.625
v -1.2071067811865475 5.5625 -2.625
v -1.4999999999999998 1.4375 -2.332106781186548
v -1.4999999999999998 5.5625 -2.332106781186548
v -1.5 1.4375 -1.9178932188134523
v -1.5 5.5625 -1.9178932188134523
v -1.207106781186548 1.4375 -1.6250000000000002
v -1.207106781186548 5.5625 -1.6250000000000002
v -1 1.4375 -0.75
v -1 5.5625 -0.75
v -0.7928932188134525 1.4375 -0.25
v -0.7928932188134525 5.5625 -0.25
v -0.5 1.4375 -0.5428932188134525
v -0.5 5.5625 -0.5428932188134525
v -0.5 1.4375 -0.9571067811865475
v -0.5 5.5625 -0.9571067811865475
v -0.7928932188134525 1.4375 -1.25
v -0.7928932188134525 5.5625 -1.25
v -1.2071067811865475 1.4375 -1.25
v -1.2071067811865475 5.5625 -1.25
v -1.4999999999999998 1.4375 -0.9571067811865479
v -1.4999999999999998 5.5625 -0.9571067811865479
v -1.5 1.4375 -0.5428932188134521
v -1.5 5.5625 -0.5428932188134521
v -1.207106781186548 1.4375 -0.25
v -1.207106781186548 5.5625 -0.25
v -1 1.4375 0.625
v -1 5.5625 0.625
v -0.7928932188134525 1.4375 1.125
v -0.7928932188134525 5.5625 1.125
v -0.5 1.4375 0.8321067811865475
v -0.5 5.5625 0.8321067811865475
v -0.5 1.4375 0.41789321881345254
v -0.5 5.5625 0.41789321881345254
v -0.7928932188134525 1.4375 0.125
v -0.7928932188134525 5.5625 0.125
v -1.2071067811865475 1.4375 0.125
v -1.2071067811865475 5.5625 0.125
v -1.4999999999999998 1.4375 0.4178932188134521
v -1.4999999999999998 5.5625 0.4178932188134521
v -1.5 1.4375 0.8321067811865479
v -1.5 5.5625 0.8321067811865479
v -1.207106781186548 1.4375 1.125
v -1.207106781186548 5.5625 1.125
v -1 1.4375 1.9375
v -1 5.5625 1.9375
v -0.7928932188134525 1.4375 2.4375
v -0.7928932188134525 5.5625 2.4375
v -0.5 1.4375 2.144606781186548
v -0.5 5.5625 2.144606781186548
v -0.5 1.4375 1.730393218813452
v -0.5 5.5625 1.730393218813452
v -0.7928932188134525 1.4375 1.4375
v -0.7928932188134525 5.5625 1.4375
v -1.2071067811865475 1.4375 1.4375
v -1.2071067811865475 5.5625 1.4375
v -1.4999999999999998 1.4375 1.730393218813452
v -1.4999999999999998 5.5625 1.730393218813452
v -1.5 1.4375 2.144606781186548
v -1.5 5.5625 2.144606781186548
v -1.207106781186548 1.4375 2.4375
v -1.207106781186548 5.5625 2.4375
v 3.5 2 3.5
v 3.5 2 2.5
v 3.5 0.5 3.5
v 3.5 0.5 2.5
v -3.5 2 3.5
v -3.5 2 2.5
v -3.5 0.5 3.5
v -3.5 0.5 2.5
v 3.5 2.5 3.5
v 3.5 2.5 2.5
v 2.5 2.5 3.5
v 2.5 2.5 2.5
v 3.25 3 3.25
v 3.25 3 2.75
v 2.75 3 3.25
v 2.75 3 2.75
v 3.5 2 2.5
v 3.5 0.5 2.5
v 3.5 0.5 0.5
v 2.5 2 2.5
v 2.5 0.5 2.5
v 2.5 0.5 0.5
v 3.5 2 0.5
v 3.5 2 -0.5
v 3.5 0.5 0.5
v 3.5 0.5 -0.5
v 2.5 2 0.5
v 2.5 2 -0.5
v 2.5 0.5 0.5
v 2.5 0.5 -0.5
v 3.5 2 3.5
v 2.5 2 3.5
v 3.5 2 2.5
v 2.5 2 2.5
vt 0.01953125 0.392578125
vt 0.015625 0.392578125
vt 0.015625 0.376953125
vt 0.01953125 0.376953125
vt 0.212890625 0.357421875
vt 0.212890625 0.373046875
vt 0.208984375 0.373046875
vt 0.208984375 0.357421875
vt 0.193359375 0.271484375
vt 0.208984375 0.271484375
vt 0.208984375 0.275390625
vt 0.193359375 0.275390625
vt 0.75 0.970703125
vt 0.75 0.974609375
vt 0.734375 0.974609375
vt 0.734375 0.970703125
vt 0.82421875 0.826171875
vt 0.82421875 0.841796875
vt 0.80859375 0.841796875
vt 0.80859375 0.826171875
vt 0.498046875 0.189453125
vt 0.482421875 0.189453125
vt 0.482421875 0.173828125
vt 0.498046875 0.173828125
vt 0.474609375 0.58984375
vt 0.474609375 0.45703125
vt 0.48828125 0.45703125
vt 0.48828125 0.58984375
vt 0.021484375 0.376953125
vt 0.03515625 0.376953125
vt 0.03515625 0.509765625
vt 0.021484375 0.509765625
vt 0.19921875 0.42578125
vt 0.21484375 0.42578125
vt 0.21484375 0.55859375
vt 0.19921875 0.55859375
vt 0.45703125 0.58984375
vt 0.45703125 0.45703125
vt 0.47265625 0.45703125
vt 0.47265625 0.58984375
vt 0.775390625 0.279296875
vt 0.775390625 0.29296875
vt 0.759765625 0.29296875
vt 0.759765625 0.279296875
vt 0.82421875 0.31640625
vt 0.83984375 0.31640625
vt 0.83984375 0.330078125
vt 0.82421875 0.330078125
vt 0.451171875 0.357421875
vt 0.451171875 0.341796875
vt 0.455078125 0.341796875
vt 0.455078125 0.357421875
vt 0.03125 0.33984375
vt 0.03515625 0.33984375
vt 0.03515625 0.35546875
vt 0.03125 0.35546875
vt 0.623046875 0.16796875
vt 0.638671875 0.16796875
vt 0.638671875 0.18359375
vt 0.623046875 0.18359375
vt 0.640625 0.18359375
vt 0.640625 0.16796875
vt 0.65625 0.16796875
vt 0.65625 0.18359375
vt 0.462890625 0.232421875
vt 0.462890625 0.236328125
vt 0.447265625 0.236328125
vt 0.447265625 0.232421875
vt 0.447265625 0.2265625
vt 0.462890625 0.2265625
vt 0.462890625 0.23046875
vt 0.447265625 0.23046875
vt 0.490234375 0.8359375
vt 0.490234375 0.8125
vt 0.494140625 0.8125
vt 0.494140625 0.8359375
vt 0.490234375 0.787109375
vt 0.494140625 0.787109375
vt 0.494140625 0.810546875
vt 0.490234375 0.810546875
vt 0.728515625 0.458984375
vt 0.751953125 0.458984375
vt 0.751953125 0.482421875
vt 0.728515625 0.482421875
vt 0.728515625 0.45703125
vt 0.728515625 0.43359375
vt 0.751953125 0.43359375
vt 0.751953125 0.45703125
vt 0.857421875 0.462890625
vt 0.857421875 0.466796875
vt 0.833984375 0.466796875
vt 0.833984375 0.462890625
vt 0.857421875 0.4609375
vt 0.833984375 0.4609375
vt 0.833984375 0.45703125
vt 0.857421875 0.45703125
vt 0.49609375 0.869140625
vt 0.49609375 0.845703125
vt 0.5 0.845703125
vt 0.5 0.869140625
vt 0.49609375 0.8203125
vt 0.5 0.8203125
vt 0.5 0.84375
vt 0.49609375 0.84375
vt 0.728515625 0.408203125
vt 0.751953125 0.408203125
vt 0.751953125 0.431640625
vt 0.728515625 0.431640625
vt 0.728515625 0.37890625
vt 0.728515625 0.35546875
vt 0.751953125 0.35546875
vt 0.751953125 0.37890625
vt 0.75 0.3984375
vt 0.75 0.40234375
vt 0.7265625 0.40234375
vt 0.7265625 0.3984375
vt 0.759765625 0.978515625
vt 0.783203125 0.978515625
vt 0.783203125 0.982421875
vt 0.759765625 0.982421875
vt 0.49609375 0.818359375
vt 0.49609375 0.794921875
vt 0.5 0.794921875
vt 0.5 0.818359375
vt 0.193359375 0.466796875
vt 0.197265625 0.466796875
vt 0.197265625 0.490234375
vt 0.193359375 0.490234375
vt 0.193359375 0.24609375
vt 0.216796875 0.24609375
vt 0.216796875 0.26953125
vt 0.193359375 0.26953125
vt 0.21875 0.26953125
vt 0.21875 0.24609375
vt 0.2421875 0.24609375
vt 0.2421875 0.26953125
vt 0.845703125 0.408203125
vt 0.845703125 0.412109375
vt 0.822265625 0.412109375
vt 0.822265625 0.408203125
vt 0.822265625 0.40234375
vt 0.845703125 0.40234375
vt 0.845703125 0.40625
vt 0.822265625 0.40625
vt 0.208984375 0.35546875
vt 0.208984375 0.33984375
vt 0.212890625 0.33984375
vt 0.212890625 0.35546875
vt 0.451171875 0.32421875
vt 0.455078125 0.32421875
vt 0.455078125 0.33984375
vt 0.451171875 0.33984375
vt 0.658203125 0.16796875
vt 0.673828125 0.16796875
vt 0.673828125 0.18359375
vt 0.658203125 0.18359375
vt 0.81640625 0.279296875
vt 0.81640625 0.263671875
vt 0.83203125 0.263671875
vt 0.83203125 0.279296875
vt 0.796875 0.4140625
vt 0.796875 0.41796875
vt 0.78125 0.41796875
vt 0.78125 0.4140625
vt 0.787109375 0.294921875
vt 0.802734375 0.294921875
vt 0.802734375 0.298828125
vt 0.787109375 0.298828125
vt 0.826171875 0.83203125
vt 0.826171875 0.828125
vt 0.849609375 0.828125
vt 0.849609375 0.83203125
vt 0.83203125 0.22265625
vt 0.85546875 0.22265625
vt 0.85546875 0.2265625
vt 0.83203125 0.2265625
vt 0.833984375 0.873046875
vt 0.857421875 0.873046875
vt 0.857421875 0.876953125
vt 0.833984375 0.876953125
vt 0.24609375 0.166015625
vt 0.24609375 0.162109375
vt 0.26953125 0.162109375
vt 0.26953125 0.166015625
vt 0.46484375 0.267578125
vt 0.46484375 0.291015625
vt 0.44140625 0.291015625
vt 0.44140625 0.267578125
vt 0.708984375 0.328125
vt 0.732421875 0.328125
vt 0.732421875 0.3515625
vt 0.708984375 0.3515625
vt 0.833984375 0.732421875
vt 0.833984375 0.728515625
vt 0.857421875 0.728515625
vt 0.857421875 0.732421875
vt 0.271484375 0.162109375
vt 0.294921875 0.162109375
vt 0.294921875 0.166015625
vt 0.271484375 0.166015625
vt 0.833984375 0.72265625
vt 0.857421875 0.72265625
vt 0.857421875 0.7265625
vt 0.833984375 0.7265625
vt 0.833984375 0.720703125
vt 0.833984375 0.716796875
vt 0.857421875 0.716796875
vt 0.857421875 0.720703125
vt 0.732421875 0.302734375
vt 0.732421875 0.326171875
vt 0.708984375 0.326171875
vt 0.708984375 0.302734375
vt 0.708984375 0.27734375
vt 0.732421875 0.27734375
vt 0.732421875 0.30078125
vt 0.708984375 0.30078125
vt 0.833984375 0.71484375
vt 0.833984375 0.7109375
vt 0.857421875 0.7109375
vt 0.857421875 0.71484375
vt 0.833984375 0.705078125
vt 0.857421875 0.705078125
vt 0.857421875 0.708984375
vt 0.833984375 0.708984375
vt 0.296875 0.162109375
vt 0.3203125 0.162109375
vt 0.3203125 0.166015625
vt 0.296875 0.166015625
vt 0.833984375 0.703125
vt 0.833984375 0.69921875
vt 0.857421875 0.69921875
vt 0.857421875 0.703125
vt 0.734375 0.890625
vt 0.734375 0.9140625
vt 0.7109375 0.9140625
vt 0.7109375 0.890625
vt 0.712890625 0.865234375
vt 0.736328125 0.865234375
vt 0.736328125 0.888671875
vt 0.712890625 0.888671875
vt 0.833984375 0.697265625
vt 0.833984375 0.693359375
vt 0.857421875 0.693359375
vt 0.857421875 0.697265625
vt 0.833984375 0.6875
vt 0.857421875 0.6875
vt 0.857421875 0.69140625
vt 0.833984375 0.69140625
vt 0.833984375 0.681640625
vt 0.857421875 0.681640625
vt 0.857421875 0.685546875
vt 0.833984375 0.685546875
vt 0.833984375 0.6796875
vt 0.833984375 0.67578125
vt 0.857421875 0.67578125
vt 0.857421875 0.6796875
vt 0.736328125 0.83984375
vt 0.736328125 0.86328125
vt 0.712890625 0.86328125
vt 0.712890625 0.83984375
vt 0.712890625 0.814453125
vt 0.736328125 0.814453125
vt 0.736328125 0.837890625
vt 0.712890625 0.837890625
vt 0.322265625 0.166015625
vt 0.322265625 0.162109375
vt 0.345703125 0.162109375
vt 0.345703125 0.166015625
vt 0.833984375 0.669921875
vt 0.857421875 0.669921875
vt 0.857421875 0.673828125
vt 0.833984375 0.673828125
vt 0.833984375 0.6640625
vt 0.857421875 0.6640625
vt 0.857421875 0.66796875
vt 0.833984375 0.66796875
vt 0.34765625 0.166015625
vt 0.34765625 0.162109375
vt 0.37109375 0.162109375
vt 0.37109375 0.166015625
vt 0.69921875 0.25390625
vt 0.69921875 0.27734375
vt 0.67578125 0.27734375
vt 0.67578125 0.25390625
vt 0.701171875 0.251953125
vt 0.724609375 0.251953125
vt 0.724609375 0.275390625
vt 0.701171875 0.275390625
vt 0.833984375 0.64453125
vt 0.833984375 0.640625
vt 0.857421875 0.640625
vt 0.857421875 0.64453125
vt 0.833984375 0.634765625
vt 0.857421875 0.634765625
vt 0.857421875 0.638671875
vt 0.833984375 0.638671875
vt 0.833984375 0.62890625
vt 0.857421875 0.62890625
vt 0.857421875 0.6328125
vt 0.833984375 0.6328125
vt 0.833984375 0.626953125
vt 0.833984375 0.623046875
vt 0.857421875 0.623046875
vt 0.857421875 0.626953125
vt 0.75 0.7890625
vt 0.75 0.8125
vt 0.7265625 0.8125
vt 0.7265625 0.7890625
vt 0.7265625 0.763671875
vt 0.75 0.763671875
vt 0.75 0.787109375
vt 0.7265625 0.787109375
vt 0.833984375 0.62109375
vt 0.833984375 0.6171875
vt 0.857421875 0.6171875
vt 0.857421875 0.62109375
vt 0.833984375 0.611328125
vt 0.857421875 0.611328125
vt 0.857421875 0.615234375
vt 0.833984375 0.615234375
vt 0.833984375 0.60546875
vt 0.857421875 0.60546875
vt 0.857421875 0.609375
vt 0.833984375 0.609375
vt 0.833984375 0.603515625
vt 0.833984375 0.599609375
vt 0.857421875 0.599609375
vt 0.857421875 0.603515625
vt 0.75 0.251953125
vt 0.75 0.275390625
vt 0.7265625 0.275390625
vt 0.7265625 0.251953125
vt 0.728515625 0.73828125
vt 0.751953125 0.73828125
vt 0.751953125 0.76171875
vt 0.728515625 0.76171875
vt 0.833984375 0.59765625
vt 0.833984375 0.59375
vt 0.857421875 0.59375
vt 0.857421875 0.59765625
vt 0.833984375 0.587890625
vt 0.857421875 0.587890625
vt 0.857421875 0.591796875
vt 0.833984375 0.591796875
vt 0.833984375 0.58203125
vt 0.857421875 0.58203125
vt 0.857421875 0.5859375
vt 0.833984375 0.5859375
vt 0.833984375 0.580078125
vt 0.833984375 0.576171875
vt 0.857421875 0.576171875
vt 0.857421875 0.580078125
vt 0.751953125 0.712890625
vt 0.751953125 0.736328125
vt 0.728515625 0.736328125
vt 0.728515625 0.712890625
vt 0.728515625 0.6875
vt 0.751953125 0.6875
vt 0.751953125 0.7109375
vt 0.728515625 0.7109375
vt 0.833984375 0.5546875
vt 0.833984375 0.55078125
vt 0.857421875 0.55078125
vt 0.857421875 0.5546875
vt 0.833984375 0.544921875
vt 0.857421875 0.544921875
vt 0.857421875 0.548828125
vt 0.833984375 0.548828125
vt 0.833984375 0.5390625
vt 0.857421875 0.5390625
vt 0.857421875 0.54296875
vt 0.833984375 0.54296875
vt 0.833984375 0.537109375
vt 0.833984375 0.533203125
vt 0.857421875 0.533203125
vt 0.857421875 0.537109375
vt 0.751953125 0.662109375
vt 0.751953125 0.685546875
vt 0.728515625 0.685546875
vt 0.728515625 0.662109375
vt 0.728515625 0.63671875
vt 0.751953125 0.63671875
vt 0.751953125 0.66015625
vt 0.728515625 0.66015625
vt 0.833984375 0.53125
vt 0.833984375 0.52734375
vt 0.857421875 0.52734375
vt 0.857421875 0.53125
vt 0.833984375 0.521484375
vt 0.857421875 0.521484375
vt 0.857421875 0.525390625
vt 0.833984375 0.525390625
vt 0.833984375 0.515625
vt 0.857421875 0.515625
vt 0.857421875 0.51953125
vt 0.833984375 0.51953125
vt 0.833984375 0.513671875
vt 0.833984375 0.509765625
vt 0.857421875 0.509765625
vt 0.857421875 0.513671875
vt 0.751953125 0.611328125
vt 0.751953125 0.634765625
vt 0.728515625 0.634765625
vt 0.728515625 0.611328125
vt 0.728515625 0.5859375
vt 0.751953125 0.5859375
vt 0.751953125 0.609375
vt 0.728515625 0.609375
vt 0.833984375 0.5078125
vt 0.833984375 0.50390625
vt 0.857421875 0.50390625
vt 0.857421875 0.5078125
vt 0.833984375 0.498046875
vt 0.857421875 0.498046875
vt 0.857421875 0.501953125
vt 0.833984375 0.501953125
vt 0.833984375 0.4921875
vt 0.857421875 0.4921875
vt 0.857421875 0.49609375
vt 0.833984375 0.49609375
vt 0.833984375 0.490234375
vt 0.833984375 0.486328125
vt 0.857421875 0.486328125
vt 0.857421875 0.490234375
vt 0.751953125 0.560546875
vt 0.751953125 0.583984375
vt 0.728515625 0.583984375
vt 0.728515625 0.560546875
vt 0.728515625 0.53515625
vt 0.751953125 0.53515625
vt 0.751953125 0.55859375
vt 0.728515625 0.55859375
vt 0.833984375 0.484375
vt 0.833984375 0.48046875
vt 0.857421875 0.48046875
vt 0.857421875 0.484375
vt 0.833984375 0.474609375
vt 0.857421875 0.474609375
vt 0.857421875 0.478515625
vt 0.833984375 0.478515625
vt 0.833984375 0.46875
vt 0.857421875 0.46875
vt 0.857421875 0.47265625
vt 0.833984375 0.47265625
vt 0.533203125 0.166015625
vt 0.533203125 0.162109375
vt 0.556640625 0.162109375
vt 0.556640625 0.166015625
vt 0.751953125 0.509765625
vt 0.751953125 0.533203125
vt 0.728515625 0.533203125
vt 0.728515625 0.509765625
vt 0.728515625 0.484375
vt 0.751953125 0.484375
vt 0.751953125 0.5078125
vt 0.728515625 0.5078125
vt 0.5 0.189453125
vt 0.5 0.173828125
vt 0.515625 0.173828125
vt 0.515625 0.189453125
vt 0.517578125 0.173828125
vt 0.533203125 0.173828125
vt 0.533203125 0.189453125
vt 0.517578125 0.189453125
vt 0.6953125 0.380859375
vt 0.75 0.380859375
vt 0.75 0.396484375
vt 0.6953125 0.396484375
vt 0.701171875 0.966796875
vt 0.701171875 0.951171875
vt 0.755859375 0.951171875
vt 0.755859375 0.966796875
vt 0.701171875 0.94921875
vt 0.701171875 0.93359375
vt 0.755859375 0.93359375
vt 0.755859375 0.94921875
vt 0.701171875 0.916015625
vt 0.755859375 0.916015625
vt 0.755859375 0.931640625
vt 0.701171875 0.931640625
vt 0.552734375 0.345703125
vt 0.552734375 0.24609375
vt 0.568359375 0.24609375
vt 0.568359375 0.345703125
vt 0.5703125 0.24609375
vt 0.5859375 0.24609375
vt 0.5859375 0.345703125
vt 0.5703125 0.345703125
vt 0.587890625 0.24609375
vt 0.603515625 0.24609375
vt 0.603515625 0.345703125
vt 0.587890625 0.345703125
vt 0.60546875 0.345703125
vt 0.60546875 0.24609375
vt 0.62109375 0.24609375
vt 0.62109375 0.345703125
vt 0.759765625 0.18359375
vt 0.759765625 0.16796875
vt 0.775390625 0.16796875
vt 0.775390625 0.18359375
vt 0.427734375 0.171875
vt 0.443359375 0.171875
vt 0.443359375 0.1875
vt 0.427734375 0.1875
vt 0.787109375 1
vt 0.787109375 0.984375
vt 0.8046875 0.984375
vt 0.8046875 1
vt 0.787109375 0.30078125
vt 0.8046875 0.30078125
vt 0.8046875 0.31640625
vt 0.787109375 0.31640625
vt 0.77734375 0.16796875
vt 0.79296875 0.16796875
vt 0.79296875 0.18359375
vt 0.77734375 0.18359375
vt 0.017578125 0.185546875
vt 0.017578125 0.169921875
vt 0.033203125 0.169921875
vt 0.033203125 0.185546875
vt 0.806640625 0.826171875
vt 0.806640625 0.84375
vt 0.791015625 0.84375
vt 0.791015625 0.826171875
vt 0.017578125 0.1875
vt 0.033203125 0.1875
vt 0.033203125 0.205078125
vt 0.017578125 0.205078125
vt 0.734375 0.224609375
vt 0.734375 0.201171875
vt 0.75 0.201171875
vt 0.75 0.224609375
vt 0.1640625 0.19921875
vt 0.1796875 0.19921875
vt 0.1796875 0.22265625
vt 0.1640625 0.22265625
vt 0.33984375 0.185546875
vt 0.35546875 0.185546875
vt 0.35546875 0.208984375
vt 0.33984375 0.208984375
vt 0.544921875 0.208984375
vt 0.544921875 0.185546875
vt 0.560546875 0.185546875
vt 0.560546875 0.208984375
vt 0.05078125 0.169921875
vt 0.05078125 0.185546875
vt 0.03515625 0.185546875
vt 0.03515625 0.169921875
vt 0.052734375 0.169921875
vt 0.068359375 0.169921875
vt 0.068359375 0.185546875
vt 0.052734375 0.185546875
vt 0.0703125 0.185546875
vt 0.0703125 0.169921875
vt 0.0859375 0.169921875
vt 0.0859375 0.185546875
vt 0.087890625 0.169921875
vt 0.103515625 0.169921875
vt 0.103515625 0.185546875
vt 0.087890625 0.185546875
vt 0.763671875 0.826171875
vt 0.7890625 0.826171875
vt 0.7890625 0.841796875
vt 0.763671875 0.841796875
vt 0.771484375 0.708984375
vt 0.771484375 0.693359375
vt 0.796875 0.693359375
vt 0.796875 0.708984375
vt 0.779296875 0.447265625
vt 0.779296875 0.462890625
vt 0.75390625 0.462890625
vt 0.75390625 0.447265625
vt 0.75390625 0.4296875
vt 0.779296875 0.4296875
vt 0.779296875 0.4453125
vt 0.75390625 0.4453125
vt 0.10546875 0.185546875
vt 0.10546875 0.169921875
vt 0.12109375 0.169921875
vt 0.12109375 0.185546875
vt 0.123046875 0.169921875
vt 0.138671875 0.169921875
vt 0.138671875 0.185546875
vt 0.123046875 0.185546875
vt 0.751953125 0.21875
vt 0.77734375 0.21875
vt 0.77734375 0.234375
vt 0.751953125 0.234375
vt 0.771484375 0.69140625
vt 0.771484375 0.67578125
vt 0.796875 0.67578125
vt 0.796875 0.69140625
vt 0.779296875 0.412109375
vt 0.779296875 0.427734375
vt 0.75390625 0.427734375
vt 0.75390625 0.412109375
vt 0.75390625 0.365234375
vt 0.779296875 0.365234375
vt 0.779296875 0.380859375
vt 0.75390625 0.380859375
vt 0.140625 0.185546875
vt 0.140625 0.169921875
vt 0.15625 0.169921875
vt 0.15625 0.185546875
vt 0.392578125 0.169921875
vt 0.408203125 0.169921875
vt 0.408203125 0.185546875
vt 0.392578125 0.185546875
vt 0 0.228515625
vt 0.025390625 0.228515625
vt 0.025390625 0.244140625
vt 0 0.244140625
vt 0.18359375 0.244140625
vt 0.18359375 0.228515625
vt 0.208984375 0.228515625
vt 0.208984375 0.244140625
vt 0.236328125 0.228515625
vt 0.236328125 0.244140625
vt 0.2109375 0.244140625
vt 0.2109375 0.228515625
vt 0.23828125 0.228515625
vt 0.263671875 0.228515625
vt 0.263671875 0.244140625
vt 0.23828125 0.244140625
vt 0.41015625 0.185546875
vt 0.41015625 0.169921875
vt 0.42578125 0.169921875
vt 0.42578125 0.185546875
vt 0.814453125 0.240234375
vt 0.830078125 0.240234375
vt 0.830078125 0.255859375
vt 0.814453125 0.255859375
vt 0.265625 0.228515625
vt 0.291015625 0.228515625
vt 0.291015625 0.244140625
vt 0.265625 0.244140625
vt 0.29296875 0.244140625
vt 0.29296875 0.228515625
vt 0.318359375 0.228515625
vt 0.318359375 0.244140625
vt 0.345703125 0.228515625
vt 0.345703125 0.244140625
vt 0.3203125 0.244140625
vt 0.3203125 0.228515625
vt 0.34765625 0.228515625
vt 0.373046875 0.228515625
vt 0.373046875 0.244140625
vt 0.34765625 0.244140625
vt 0.814453125 0.23828125
vt 0.814453125 0.22265625
vt 0.830078125 0.22265625
vt 0.830078125 0.23828125
vt 0 0.16796875
vt 0.015625 0.16796875
vt 0.015625 0.18359375
vt 0 0.18359375
vt 0.375 0.228515625
vt 0.400390625 0.228515625
vt 0.400390625 0.244140625
vt 0.375 0.244140625
vt 0.552734375 0.244140625
vt 0.552734375 0.228515625
vt 0.578125 0.228515625
vt 0.578125 0.244140625
vt 0.60546875 0.228515625
vt 0.60546875 0.244140625
vt 0.580078125 0.244140625
vt 0.580078125 0.228515625
vt 0.607421875 0.228515625
vt 0.6328125 0.228515625
vt 0.6328125 0.244140625
vt 0.607421875 0.244140625
vt 0.81640625 0.884765625
vt 0.81640625 0.869140625
vt 0.83203125 0.869140625
vt 0.83203125 0.884765625
vt 0.17578125 0.16796875
vt 0.19140625 0.16796875
vt 0.19140625 0.18359375
vt 0.17578125 0.18359375
vt 0.634765625 0.228515625
vt 0.66015625 0.228515625
vt 0.66015625 0.244140625
vt 0.634765625 0.244140625
vt 0.7578125 0.974609375
vt 0.7578125 0.958984375
vt 0.783203125 0.958984375
vt 0.783203125 0.974609375
vt 0.783203125 0.94140625
vt 0.783203125 0.95703125
vt 0.7578125 0.95703125
vt 0.7578125 0.94140625
vt 0.7578125 0.923828125
vt 0.783203125 0.923828125
vt 0.783203125 0.939453125
vt 0.7578125 0.939453125
vt 0.193359375 0.18359375
vt 0.193359375 0.16796875
vt 0.208984375 0.16796875
vt 0.208984375 0.18359375
vt 0.2109375 0.16796875
vt 0.2265625 0.16796875
vt 0.2265625 0.18359375
vt 0.2109375 0.18359375
vt 0.46484375 0.2265625
vt 0.490234375 0.2265625
vt 0.490234375 0.2421875
vt 0.46484375 0.2421875
vt 0.759765625 1
vt 0.759765625 0.984375
vt 0.78515625 0.984375
vt 0.78515625 1
vt 0.427734375 0.224609375
vt 0.427734375 0.240234375
vt 0.40234375 0.240234375
vt 0.40234375 0.224609375
vt 0.759765625 0.34765625
vt 0.78515625 0.34765625
vt 0.78515625 0.36328125
vt 0.759765625 0.36328125
vt 0.228515625 0.18359375
vt 0.228515625 0.16796875
vt 0.244140625 0.16796875
vt 0.244140625 0.18359375
vt 0.24609375 0.16796875
vt 0.26171875 0.16796875
vt 0.26171875 0.18359375
vt 0.24609375 0.18359375
vt 0.759765625 0.330078125
vt 0.78515625 0.330078125
vt 0.78515625 0.345703125
vt 0.759765625 0.345703125
vt 0.759765625 0.328125
vt 0.759765625 0.3125
vt 0.78515625 0.3125
vt 0.78515625 0.328125
vt 0.78515625 0.294921875
vt 0.78515625 0.310546875
vt 0.759765625 0.310546875
vt 0.759765625 0.294921875
vt 0.76171875 0.90625
vt 0.787109375 0.90625
vt 0.787109375 0.921875
vt 0.76171875 0.921875
vt 0.751953125 0.251953125
vt 0.751953125 0.236328125
vt 0.779296875 0.236328125
vt 0.779296875 0.251953125
vt 0.75390625 0.74609375
vt 0.78125 0.74609375
vt 0.78125 0.76171875
vt 0.75390625 0.76171875
vt 0.263671875 0.16796875
vt 0.279296875 0.16796875
vt 0.279296875 0.18359375
vt 0.263671875 0.18359375
vt 0.60546875 0.18359375
vt 0.60546875 0.16796875
vt 0.62109375 0.16796875
vt 0.62109375 0.18359375
vt 0.50390625 0.30078125
vt 0.50390625 0.328125
vt 0.48828125 0.328125
vt 0.48828125 0.30078125
vt 0.447265625 0.23828125
vt 0.462890625 0.23828125
vt 0.462890625 0.265625
vt 0.447265625 0.265625
vt 0.75390625 0.744140625
vt 0.75390625 0.728515625
vt 0.78125 0.728515625
vt 0.78125 0.744140625
vt 0.75390625 0.7109375
vt 0.78125 0.7109375
vt 0.78125 0.7265625
vt 0.75390625 0.7265625
vt 0.81640625 0.716796875
vt 0.83203125 0.716796875
vt 0.83203125 0.732421875
vt 0.81640625 0.732421875
vt 0.28125 0.18359375
vt 0.28125 0.16796875
vt 0.296875 0.16796875
vt 0.296875 0.18359375
vt 0.76953125 0.681640625
vt 0.76953125 0.708984375
vt 0.75390625 0.708984375
vt 0.75390625 0.681640625
vt 0.75390625 0.65234375
vt 0.76953125 0.65234375
vt 0.76953125 0.6796875
vt 0.75390625 0.6796875
vt 0.763671875 0.904296875
vt 0.763671875 0.888671875
vt 0.7890625 0.888671875
vt 0.7890625 0.904296875
vt 0.763671875 0.87109375
vt 0.7890625 0.87109375
vt 0.7890625 0.88671875
vt 0.763671875 0.88671875
vt 0.81640625 0.69921875
vt 0.83203125 0.69921875
vt 0.83203125 0.71484375
vt 0.81640625 0.71484375
vt 0.298828125 0.18359375
vt 0.298828125 0.16796875
vt 0.314453125 0.16796875
vt 0.314453125 0.18359375
vt 0.4453125 0.21484375
vt 0.4453125 0.240234375
vt 0.4296875 0.240234375
vt 0.4296875 0.21484375
vt 0.763671875 0.84375
vt 0.779296875 0.84375
vt 0.779296875 0.869140625
vt 0.763671875 0.869140625
vt 0.779296875 0.234375
vt 0.779296875 0.2109375
vt 0.794921875 0.2109375
vt 0.794921875 0.234375
vt 0.78125 0.845703125
vt 0.796875 0.845703125
vt 0.796875 0.869140625
vt 0.78125 0.869140625
vt 0.5625 0.185546875
vt 0.578125 0.185546875
vt 0.578125 0.208984375
vt 0.5625 0.208984375
vt 0.787109375 0.208984375
vt 0.787109375 0.185546875
vt 0.802734375 0.185546875
vt 0.802734375 0.208984375
vt 0.83203125 0.681640625
vt 0.83203125 0.697265625
vt 0.81640625 0.697265625
vt 0.81640625 0.681640625
vt 0.31640625 0.16796875
vt 0.33203125 0.16796875
vt 0.33203125 0.18359375
vt 0.31640625 0.18359375
vt 0.78125 0.46875
vt 0.78125 0.4453125
vt 0.796875 0.4453125
vt 0.796875 0.46875
vt 0.78125 0.419921875
vt 0.796875 0.419921875
vt 0.796875 0.443359375
vt 0.78125 0.443359375
vt 0.78125 0.369140625
vt 0.796875 0.369140625
vt 0.796875 0.392578125
vt 0.78125 0.392578125
vt 0.580078125 0.208984375
vt 0.580078125 0.185546875
vt 0.595703125 0.185546875
vt 0.595703125 0.208984375
vt 0.83203125 0.6640625
vt 0.83203125 0.6796875
vt 0.81640625 0.6796875
vt 0.81640625 0.6640625
vt 0.333984375 0.16796875
vt 0.349609375 0.16796875
vt 0.349609375 0.18359375
vt 0.333984375 0.18359375
vt 0.78125 0.275390625
vt 0.78125 0.251953125
vt 0.796875 0.251953125
vt 0.796875 0.275390625
vt 0.783203125 0.748046875
vt 0.798828125 0.748046875
vt 0.798828125 0.771484375
vt 0.783203125 0.771484375
vt 0.783203125 0.72265625
vt 0.798828125 0.72265625
vt 0.798828125 0.74609375
vt 0.783203125 0.74609375
vt 0.783203125 0.65625
vt 0.783203125 0.6328125
vt 0.798828125 0.6328125
vt 0.798828125 0.65625
vt 0.3671875 0.16796875
vt 0.3671875 0.18359375
vt 0.3515625 0.18359375
vt 0.3515625 0.16796875
vt 0.81640625 0.626953125
vt 0.83203125 0.626953125
vt 0.83203125 0.642578125
vt 0.81640625 0.642578125
vt 0.783203125 0.5625
vt 0.783203125 0.5390625
vt 0.798828125 0.5390625
vt 0.798828125 0.5625
vt 0.751953125 0.193359375
vt 0.767578125 0.193359375
vt 0.767578125 0.216796875
vt 0.751953125 0.216796875
vt 0.357421875 0.185546875
vt 0.373046875 0.185546875
vt 0.373046875 0.208984375
vt 0.357421875 0.208984375
vt 0.59765625 0.208984375
vt 0.59765625 0.185546875
vt 0.61328125 0.185546875
vt 0.61328125 0.208984375
vt 0.384765625 0.16796875
vt 0.384765625 0.18359375
vt 0.369140625 0.18359375
vt 0.369140625 0.16796875
vt 0.81640625 0.609375
vt 0.83203125 0.609375
vt 0.83203125 0.625
vt 0.81640625 0.625
vt 0.78515625 0.982421875
vt 0.78515625 0.958984375
vt 0.80078125 0.958984375
vt 0.80078125 0.982421875
vt 0.78515625 0.93359375
vt 0.80078125 0.93359375
vt 0.80078125 0.95703125
vt 0.78515625 0.95703125
vt 0.615234375 0.185546875
vt 0.630859375 0.185546875
vt 0.630859375 0.208984375
vt 0.615234375 0.208984375
vt 0.447265625 0.20703125
vt 0.447265625 0.18359375
vt 0.462890625 0.18359375
vt 0.462890625 0.20703125
vt 0.83203125 0.591796875
vt 0.83203125 0.607421875
vt 0.81640625 0.607421875
vt 0.81640625 0.591796875
vt 0.81640625 0.57421875
vt 0.83203125 0.57421875
vt 0.83203125 0.58984375
vt 0.81640625 0.58984375
vt 0.4921875 0.21484375
vt 0.4921875 0.19140625
vt 0.5078125 0.19140625
vt 0.5078125 0.21484375
vt 0.509765625 0.19140625
vt 0.525390625 0.19140625
vt 0.525390625 0.21484375
vt 0.509765625 0.21484375
vt 0.52734375 0.19140625
vt 0.54296875 0.19140625
vt 0.54296875 0.21484375
vt 0.52734375 0.21484375
vt 0.6328125 0.208984375
vt 0.6328125 0.185546875
vt 0.6484375 0.185546875
vt 0.6484375 0.208984375
vt 0.83203125 0.537109375
vt 0.83203125 0.552734375
vt 0.81640625 0.552734375
vt 0.81640625 0.537109375
vt 0.81640625 0.51953125
vt 0.83203125 0.51953125
vt 0.83203125 0.53515625
vt 0.81640625 0.53515625
vt 0.4296875 0.212890625
vt 0.4296875 0.189453125
vt 0.4453125 0.189453125
vt 0.4453125 0.212890625
vt 0.787109375 0.34375
vt 0.802734375 0.34375
vt 0.802734375 0.3671875
vt 0.787109375 0.3671875
vt 0.787109375 0.318359375
vt 0.802734375 0.318359375
vt 0.802734375 0.341796875
vt 0.787109375 0.341796875
vt 0.7890625 0.931640625
vt 0.7890625 0.908203125
vt 0.8046875 0.908203125
vt 0.8046875 0.931640625
vt 0.83203125 0.501953125
vt 0.83203125 0.517578125
vt 0.81640625 0.517578125
vt 0.81640625 0.501953125
vt 0.81640625 0.484375
vt 0.83203125 0.484375
vt 0.83203125 0.5
vt 0.81640625 0.5
vt 0 0.208984375
vt 0 0.185546875
vt 0.015625 0.185546875
vt 0.015625 0.208984375
vt 0.791015625 0.8828125
vt 0.806640625 0.8828125
vt 0.806640625 0.90625
vt 0.791015625 0.90625
vt 0.375 0.185546875
vt 0.390625 0.185546875
vt 0.390625 0.208984375
vt 0.375 0.208984375
vt 0.650390625 0.208984375
vt 0.650390625 0.185546875
vt 0.666015625 0.185546875
vt 0.666015625 0.208984375
vt 0.83203125 0.466796875
vt 0.83203125 0.482421875
vt 0.81640625 0.482421875
vt 0.81640625 0.466796875
vt 0.53515625 0.16796875
vt 0.55078125 0.16796875
vt 0.55078125 0.18359375
vt 0.53515625 0.18359375
vt 0.181640625 0.208984375
vt 0.181640625 0.185546875
vt 0.197265625 0.185546875
vt 0.197265625 0.208984375
vt 0.19921875 0.185546875
vt 0.21484375 0.185546875
vt 0.21484375 0.208984375
vt 0.19921875 0.208984375
vt 0.66796875 0.185546875
vt 0.68359375 0.185546875
vt 0.68359375 0.208984375
vt 0.66796875 0.208984375
vt 0.70703125 0.20703125
vt 0.70703125 0.18359375
vt 0.72265625 0.18359375
vt 0.72265625 0.20703125
vt 0.83203125 0.44921875
vt 0.83203125 0.46484375
vt 0.81640625 0.46484375
vt 0.81640625 0.44921875
vt 0.552734375 0.16796875
vt 0.568359375 0.16796875
vt 0.568359375 0.18359375
vt 0.552734375 0.18359375
vt 0.216796875 0.208984375
vt 0.216796875 0.185546875
vt 0.232421875 0.185546875
vt 0.232421875 0.208984375
vt 0.234375 0.185546875
vt 0.25 0.185546875
vt 0.25 0.208984375
vt 0.234375 0.208984375
vt 0.251953125 0.185546875
vt 0.267578125 0.185546875
vt 0.267578125 0.208984375
vt 0.251953125 0.208984375
vt 0.76953125 0.208984375
vt 0.76953125 0.185546875
vt 0.78515625 0.185546875
vt 0.78515625 0.208984375
vt 0.83203125 0.431640625
vt 0.83203125 0.447265625
vt 0.81640625 0.447265625
vt 0.81640625 0.431640625
vt 0.5703125 0.16796875
vt 0.5859375 0.16796875
vt 0.5859375 0.18359375
vt 0.5703125 0.18359375
vt 0.26953125 0.208984375
vt 0.26953125 0.185546875
vt 0.28515625 0.185546875
vt 0.28515625 0.208984375
vt 0.287109375 0.185546875
vt 0.302734375 0.185546875
vt 0.302734375 0.208984375
vt 0.287109375 0.208984375
vt 0.3046875 0.185546875
vt 0.3203125 0.185546875
vt 0.3203125 0.208984375
vt 0.3046875 0.208984375
vt 0.322265625 0.208984375
vt 0.322265625 0.185546875
vt 0.337890625 0.185546875
vt 0.337890625 0.208984375
vt 0.603515625 0.16796875
vt 0.603515625 0.18359375
vt 0.587890625 0.18359375
vt 0.587890625 0.16796875
vt 0.81640625 0.384765625
vt 0.83203125 0.384765625
vt 0.83203125 0.400390625
vt 0.81640625 0.400390625
vt 0.857421875 0.455078125
vt 0.833984375 0.455078125
vt 0.833984375 0.451171875
vt 0.857421875 0.451171875
vt 0.857421875 0.4453125
vt 0.857421875 0.44921875
vt 0.833984375 0.44921875
vt 0.833984375 0.4453125
vt 0.244140625 0.24609375
vt 0.267578125 0.24609375
vt 0.267578125 0.26953125
vt 0.244140625 0.26953125
vt 0.29296875 0.24609375
vt 0.29296875 0.26953125
vt 0.26953125 0.26953125
vt 0.26953125 0.24609375
vt 0.857421875 0.439453125
vt 0.857421875 0.443359375
vt 0.833984375 0.443359375
vt 0.833984375 0.439453125
vt 0.58203125 0.166015625
vt 0.55859375 0.166015625
vt 0.55859375 0.162109375
vt 0.58203125 0.162109375
vt 0.197265625 0.46484375
vt 0.193359375 0.46484375
vt 0.193359375 0.44140625
vt 0.197265625 0.44140625
vt 0.455078125 0.41015625
vt 0.455078125 0.43359375
vt 0.451171875 0.43359375
vt 0.451171875 0.41015625
vt 0.833984375 0.43359375
vt 0.857421875 0.43359375
vt 0.857421875 0.4375
vt 0.833984375 0.4375
vt 0.607421875 0.162109375
vt 0.607421875 0.166015625
vt 0.583984375 0.166015625
vt 0.583984375 0.162109375
vt 0.318359375 0.24609375
vt 0.318359375 0.26953125
vt 0.294921875 0.26953125
vt 0.294921875 0.24609375
vt 0.34375 0.26953125
vt 0.3203125 0.26953125
vt 0.3203125 0.24609375
vt 0.34375 0.24609375
vt 0.4453125 0.79296875
vt 0.44140625 0.79296875
vt 0.44140625 0.767578125
vt 0.4453125 0.767578125
vt 0.197265625 0.4921875
vt 0.197265625 0.517578125
vt 0.193359375 0.517578125
vt 0.193359375 0.4921875
vt 0.833984375 0.396484375
vt 0.857421875 0.396484375
vt 0.857421875 0.400390625
vt 0.833984375 0.400390625
vt 0.857421875 0.390625
vt 0.857421875 0.39453125
vt 0.833984375 0.39453125
vt 0.833984375 0.390625
vt 0.7265625 0.353515625
vt 0.7265625 0.37890625
vt 0.703125 0.37890625
vt 0.703125 0.353515625
vt 0.50390625 0.294921875
vt 0.48046875 0.294921875
vt 0.48046875 0.26953125
vt 0.50390625 0.26953125
vt 0.451171875 0.787109375
vt 0.447265625 0.787109375
vt 0.447265625 0.76953125
vt 0.451171875 0.76953125
vt 0.03515625 0.357421875
vt 0.03515625 0.375
vt 0.03125 0.375
vt 0.03125 0.357421875
vt 0.71875 0.158203125
vt 0.734375 0.158203125
vt 0.734375 0.162109375
vt 0.71875 0.162109375
vt 0.173828125 0.15625
vt 0.173828125 0.16015625
vt 0.158203125 0.16015625
vt 0.158203125 0.15625
vt 0.05078125 0.1875
vt 0.05078125 0.205078125
vt 0.03515625 0.205078125
vt 0.03515625 0.1875
vt 0.068359375 0.205078125
vt 0.052734375 0.205078125
vt 0.052734375 0.1875
vt 0.068359375 0.1875
vt 0.03515625 0.337890625
vt 0.03125 0.337890625
vt 0.03125 0.322265625
vt 0.03515625 0.322265625
vt 0.212890625 0.322265625
vt 0.212890625 0.337890625
vt 0.208984375 0.337890625
vt 0.208984375 0.322265625
vt 0.83984375 0.37890625
vt 0.85546875 0.37890625
vt 0.85546875 0.3828125
vt 0.83984375 0.3828125
vt 0.85546875 0.373046875
vt 0.85546875 0.376953125
vt 0.83984375 0.376953125
vt 0.83984375 0.373046875
vt 0.833984375 0.76953125
vt 0.833984375 0.78515625
vt 0.818359375 0.78515625
vt 0.818359375 0.76953125
vt 0.833984375 0.767578125
vt 0.818359375 0.767578125
vt 0.818359375 0.751953125
vt 0.833984375 0.751953125
vt 0.638671875 0.345703125
vt 0.623046875 0.345703125
vt 0.623046875 0.24609375
vt 0.638671875 0.24609375
vt 0.65625 0.24609375
vt 0.65625 0.345703125
vt 0.640625 0.345703125
vt 0.640625 0.24609375
vt 0.818359375 0.734375
vt 0.833984375 0.734375
vt 0.833984375 0.75
vt 0.818359375 0.75
vt 0.833984375 0.646484375
vt 0.833984375 0.662109375
vt 0.818359375 0.662109375
vt 0.818359375 0.646484375
vt 0.673828125 0.24609375
vt 0.673828125 0.345703125
vt 0.658203125 0.345703125
vt 0.658203125 0.24609375
vt 0.677734375 0.869140625
vt 0.662109375 0.869140625
vt 0.662109375 0.76953125
vt 0.677734375 0.76953125
vt 0.6328125 0.166015625
vt 0.609375 0.166015625
vt 0.609375 0.162109375
vt 0.6328125 0.162109375
vt 0.857421875 0.384765625
vt 0.857421875 0.388671875
vt 0.833984375 0.388671875
vt 0.833984375 0.384765625
vt 0.345703125 0.24609375
vt 0.369140625 0.24609375
vt 0.369140625 0.26953125
vt 0.345703125 0.26953125
vt 0.39453125 0.24609375
vt 0.39453125 0.26953125
vt 0.37109375 0.26953125
vt 0.37109375 0.24609375
vt 0.658203125 0.162109375
vt 0.658203125 0.166015625
vt 0.634765625 0.166015625
vt 0.634765625 0.162109375
vt 0.857421875 0.279296875
vt 0.833984375 0.279296875
vt 0.833984375 0.275390625
vt 0.857421875 0.275390625
vt 0.0859375 0.205078125
vt 0.0703125 0.205078125
vt 0.0703125 0.1875
vt 0.0859375 0.1875
vt 0.103515625 0.1875
vt 0.103515625 0.205078125
vt 0.087890625 0.205078125
vt 0.087890625 0.1875
vt 0.818359375 0.556640625
vt 0.833984375 0.556640625
vt 0.833984375 0.572265625
vt 0.818359375 0.572265625
vt 0.4609375 0.166015625
vt 0.4609375 0.181640625
vt 0.4453125 0.181640625
vt 0.4453125 0.166015625
vt 0.12109375 0.1875
vt 0.12109375 0.205078125
vt 0.10546875 0.205078125
vt 0.10546875 0.1875
vt 0.138671875 0.205078125
vt 0.123046875 0.205078125
vt 0.123046875 0.1875
vt 0.138671875 0.1875
vt 0.15625 0.205078125
vt 0.140625 0.205078125
vt 0.140625 0.1875
vt 0.15625 0.1875
vt 0.408203125 0.1875
vt 0.408203125 0.205078125
vt 0.392578125 0.205078125
vt 0.392578125 0.1875
vt 0.703125 0.166015625
vt 0.71875 0.166015625
vt 0.71875 0.181640625
vt 0.703125 0.181640625
vt 0.8359375 0.966796875
vt 0.8359375 0.982421875
vt 0.8203125 0.982421875
vt 0.8203125 0.966796875
vt 0.42578125 0.1875
vt 0.42578125 0.205078125
vt 0.41015625 0.205078125
vt 0.41015625 0.1875
vt 0.8125 0.25
vt 0.796875 0.25
vt 0.796875 0.232421875
vt 0.8125 0.232421875
vt 0.8125 0.23046875
vt 0.796875 0.23046875
vt 0.796875 0.212890625
vt 0.8125 0.212890625
vt 0.814453125 0.86328125
vt 0.814453125 0.880859375
vt 0.798828125 0.880859375
vt 0.798828125 0.86328125
vt 0.8203125 0.94921875
vt 0.8359375 0.94921875
vt 0.8359375 0.96484375
vt 0.8203125 0.96484375
vt 0.736328125 0.1640625
vt 0.736328125 0.1796875
vt 0.720703125 0.1796875
vt 0.720703125 0.1640625
vt 0.814453125 0.703125
vt 0.814453125 0.720703125
vt 0.798828125 0.720703125
vt 0.798828125 0.703125
vt 0.814453125 0.701171875
vt 0.798828125 0.701171875
vt 0.798828125 0.68359375
vt 0.814453125 0.68359375
vt 0.814453125 0.681640625
vt 0.798828125 0.681640625
vt 0.798828125 0.6640625
vt 0.814453125 0.6640625
vt 0.814453125 0.61328125
vt 0.814453125 0.630859375
vt 0.798828125 0.630859375
vt 0.798828125 0.61328125
vt 0.158203125 0.162109375
vt 0.173828125 0.162109375
vt 0.173828125 0.177734375
vt 0.158203125 0.177734375
vt 0.837890625 0.80859375
vt 0.837890625 0.82421875
vt 0.822265625 0.82421875
vt 0.822265625 0.80859375
vt 0.814453125 0.59375
vt 0.814453125 0.611328125
vt 0.798828125 0.611328125
vt 0.798828125 0.59375
vt 0.814453125 0.591796875
vt 0.798828125 0.591796875
vt 0.798828125 0.57421875
vt 0.814453125 0.57421875
vt 0.814453125 0.537109375
vt 0.798828125 0.537109375
vt 0.798828125 0.51953125
vt 0.814453125 0.51953125
vt 0.814453125 0.5
vt 0.814453125 0.517578125
vt 0.798828125 0.517578125
vt 0.798828125 0.5
vt 0.822265625 0.791015625
vt 0.837890625 0.791015625
vt 0.837890625 0.806640625
vt 0.822265625 0.806640625
vt 0.478515625 0.162109375
vt 0.478515625 0.177734375
vt 0.462890625 0.177734375
vt 0.462890625 0.162109375
vt 0.814453125 0.48046875
vt 0.814453125 0.498046875
vt 0.798828125 0.498046875
vt 0.798828125 0.48046875
vt 0.814453125 0.478515625
vt 0.798828125 0.478515625
vt 0.798828125 0.4609375
vt 0.814453125 0.4609375
vt 0.814453125 0.458984375
vt 0.798828125 0.458984375
vt 0.798828125 0.44140625
vt 0.814453125 0.44140625
vt 0.814453125 0.421875
vt 0.814453125 0.439453125
vt 0.798828125 0.439453125
vt 0.798828125 0.421875
vt 0.822265625 0.4140625
vt 0.837890625 0.4140625
vt 0.837890625 0.4296875
vt 0.822265625 0.4296875
vt 0.837890625 0.3671875
vt 0.837890625 0.3828125
vt 0.822265625 0.3828125
vt 0.822265625 0.3671875
vt 0.814453125 0.375
vt 0.814453125 0.392578125
vt 0.798828125 0.392578125
vt 0.798828125 0.375
vt 0.814453125 0.275390625
vt 0.798828125 0.275390625
vt 0.798828125 0.2578125
vt 0.814453125 0.2578125
vt 0.81640625 0.771484375
vt 0.80078125 0.771484375
vt 0.80078125 0.75390625
vt 0.81640625 0.75390625
vt 0.81640625 0.734375
vt 0.81640625 0.751953125
vt 0.80078125 0.751953125
vt 0.80078125 0.734375
vt 0.822265625 0.349609375
vt 0.837890625 0.349609375
vt 0.837890625 0.365234375
vt 0.822265625 0.365234375
vt 0.69140625 0.162109375
vt 0.69140625 0.177734375
vt 0.67578125 0.177734375
vt 0.67578125 0.162109375
vt 0.81640625 0.64453125
vt 0.81640625 0.662109375
vt 0.80078125 0.662109375
vt 0.80078125 0.64453125
vt 0.81640625 0.572265625
vt 0.80078125 0.572265625
vt 0.80078125 0.5546875
vt 0.81640625 0.5546875
vt 0.740234375 0.19921875
vt 0.724609375 0.19921875
vt 0.724609375 0.181640625
vt 0.740234375 0.181640625
vt 0.818359375 0.96484375
vt 0.818359375 0.982421875
vt 0.802734375 0.982421875
vt 0.802734375 0.96484375
vt 0.822265625 0.298828125
vt 0.837890625 0.298828125
vt 0.837890625 0.314453125
vt 0.822265625 0.314453125
vt 0.837890625 0.28125
vt 0.837890625 0.296875
vt 0.822265625 0.296875
vt 0.822265625 0.28125
vt 0.818359375 0.9453125
vt 0.818359375 0.962890625
vt 0.802734375 0.962890625
vt 0.802734375 0.9453125
vt 0.173828125 0.197265625
vt 0.158203125 0.197265625
vt 0.158203125 0.1796875
vt 0.173828125 0.1796875
vt 0.48046875 0.197265625
vt 0.46484375 0.197265625
vt 0.46484375 0.1796875
vt 0.48046875 0.1796875
vt 0.701171875 0.1796875
vt 0.701171875 0.197265625
vt 0.685546875 0.197265625
vt 0.685546875 0.1796875
vt 0.822265625 0.205078125
vt 0.837890625 0.205078125
vt 0.837890625 0.220703125
vt 0.822265625 0.220703125
vt 0.837890625 0.1875
vt 0.837890625 0.203125
vt 0.822265625 0.203125
vt 0.822265625 0.1875
vt 0.8203125 0.806640625
vt 0.8203125 0.82421875
vt 0.8046875 0.82421875
vt 0.8046875 0.806640625
vt 0.8203125 0.8046875
vt 0.8046875 0.8046875
vt 0.8046875 0.787109375
vt 0.8203125 0.787109375
vt 0.8203125 0.419921875
vt 0.8046875 0.419921875
vt 0.8046875 0.40234375
vt 0.8203125 0.40234375
vt 0.8203125 0.35546875
vt 0.8203125 0.373046875
vt 0.8046875 0.373046875
vt 0.8046875 0.35546875
vt 0.822265625 0.169921875
vt 0.837890625 0.169921875
vt 0.837890625 0.185546875
vt 0.822265625 0.185546875
vt 0.83984375 0.984375
vt 0.83984375 1
vt 0.82421875 1
vt 0.82421875 0.984375
vt 0.8203125 0.3359375
vt 0.8203125 0.353515625
vt 0.8046875 0.353515625
vt 0.8046875 0.3359375
vt 0.8203125 0.298828125
vt 0.8046875 0.298828125
vt 0.8046875 0.28125
vt 0.8203125 0.28125
vt 0.8203125 0.2109375
vt 0.8046875 0.2109375
vt 0.8046875 0.193359375
vt 0.8203125 0.193359375
vt 0.822265625 0.92578125
vt 0.822265625 0.943359375
vt 0.806640625 0.943359375
vt 0.806640625 0.92578125
vt 0.82421875 0.931640625
vt 0.83984375 0.931640625
vt 0.83984375 0.947265625
vt 0.82421875 0.947265625
vt 0.83984375 0.33203125
vt 0.83984375 0.34765625
vt 0.82421875 0.34765625
vt 0.82421875 0.33203125
vt 0.822265625 0.31640625
vt 0.822265625 0.333984375
vt 0.806640625 0.333984375
vt 0.806640625 0.31640625
vt 0.82421875 0.923828125
vt 0.80859375 0.923828125
vt 0.80859375 0.90625
vt 0.82421875 0.90625
vt 0.82421875 0.904296875
vt 0.80859375 0.904296875
vt 0.80859375 0.88671875
vt 0.82421875 0.88671875
vt 0.82421875 0.84375
vt 0.82421875 0.861328125
vt 0.80859375 0.861328125
vt 0.80859375 0.84375
vt 0.826171875 0.9140625
vt 0.841796875 0.9140625
vt 0.841796875 0.9296875
vt 0.826171875 0.9296875
vt 0.841796875 0.896484375
vt 0.841796875 0.912109375
vt 0.826171875 0.912109375
vt 0.826171875 0.896484375
vt 0.7578125 0.173828125
vt 0.7578125 0.19140625
vt 0.7421875 0.19140625
vt 0.7421875 0.173828125
vt 0.8203125 0.19140625
vt 0.8046875 0.19140625
vt 0.8046875 0.173828125
vt 0.8203125 0.173828125
vt 0.841796875 0.8671875
vt 0.826171875 0.8671875
vt 0.826171875 0.8515625
vt 0.841796875 0.8515625
vt 0.841796875 0.833984375
vt 0.841796875 0.849609375
vt 0.826171875 0.849609375
vt 0.826171875 0.833984375
vt 0.771484375 0.658203125
vt 0.796875 0.658203125
vt 0.796875 0.673828125
vt 0.771484375 0.673828125
vt 0.796875 0.599609375
vt 0.796875 0.615234375
vt 0.771484375 0.615234375
vt 0.771484375 0.599609375
vt 0.796875 0.58203125
vt 0.796875 0.59765625
vt 0.771484375 0.59765625
vt 0.771484375 0.58203125
vt 0.796875 0.580078125
vt 0.771484375 0.580078125
vt 0.771484375 0.564453125
vt 0.796875 0.564453125
vt 0.49609375 0.171875
vt 0.48046875 0.171875
vt 0.48046875 0.15625
vt 0.49609375 0.15625
vt 0.513671875 0.15625
vt 0.513671875 0.171875
vt 0.498046875 0.171875
vt 0.498046875 0.15625
vt 0.771484375 0.505859375
vt 0.796875 0.505859375
vt 0.796875 0.521484375
vt 0.771484375 0.521484375
vt 0.796875 0.48828125
vt 0.796875 0.50390625
vt 0.771484375 0.50390625
vt 0.771484375 0.48828125
vt 0.796875 0.470703125
vt 0.796875 0.486328125
vt 0.771484375 0.486328125
vt 0.771484375 0.470703125
vt 0.025390625 0.2265625
vt 0 0.2265625
vt 0 0.2109375
vt 0.025390625 0.2109375
vt 0.53125 0.171875
vt 0.515625 0.171875
vt 0.515625 0.15625
vt 0.53125 0.15625
vt 0.75390625 0.15625
vt 0.75390625 0.171875
vt 0.73828125 0.171875
vt 0.73828125 0.15625
vt 0.18359375 0.2109375
vt 0.208984375 0.2109375
vt 0.208984375 0.2265625
vt 0.18359375 0.2265625
vt 0.236328125 0.2109375
vt 0.236328125 0.2265625
vt 0.2109375 0.2265625
vt 0.2109375 0.2109375
vt 0.263671875 0.2109375
vt 0.263671875 0.2265625
vt 0.23828125 0.2265625
vt 0.23828125 0.2109375
vt 0.291015625 0.2265625
vt 0.265625 0.2265625
vt 0.265625 0.2109375
vt 0.291015625 0.2109375
vt 0.810546875 0.171875
vt 0.794921875 0.171875
vt 0.794921875 0.15625
vt 0.810546875 0.15625
vt 0.443359375 0.154296875
vt 0.443359375 0.169921875
vt 0.427734375 0.169921875
vt 0.427734375 0.154296875
vt 0.29296875 0.2109375
vt 0.318359375 0.2109375
vt 0.318359375 0.2265625
vt 0.29296875 0.2265625
vt 0.345703125 0.2109375
vt 0.345703125 0.2265625
vt 0.3203125 0.2265625
vt 0.3203125 0.2109375
vt 0.373046875 0.2109375
vt 0.373046875 0.2265625
vt 0.34765625 0.2265625
vt 0.34765625 0.2109375
vt 0.400390625 0.2265625
vt 0.375 0.2265625
vt 0.375 0.2109375
vt 0.400390625 0.2109375
vt 0.033203125 0.16796875
vt 0.017578125 0.16796875
vt 0.017578125 0.15234375
vt 0.033203125 0.15234375
vt 0.05078125 0.15234375
vt 0.05078125 0.16796875
vt 0.03515625 0.16796875
vt 0.03515625 0.15234375
vt 0.552734375 0.2109375
vt 0.578125 0.2109375
vt 0.578125 0.2265625
vt 0.552734375 0.2265625
vt 0.60546875 0.2109375
vt 0.60546875 0.2265625
vt 0.580078125 0.2265625
vt 0.580078125 0.2109375
vt 0.6328125 0.2109375
vt 0.6328125 0.2265625
vt 0.607421875 0.2265625
vt 0.607421875 0.2109375
vt 0.66015625 0.2265625
vt 0.634765625 0.2265625
vt 0.634765625 0.2109375
vt 0.66015625 0.2109375
vt 0.6875 0.2265625
vt 0.662109375 0.2265625
vt 0.662109375 0.2109375
vt 0.6875 0.2109375
vt 0.47265625 0.208984375
vt 0.47265625 0.224609375
vt 0.447265625 0.224609375
vt 0.447265625 0.208984375
vt 0.474609375 0.19921875
vt 0.490234375 0.19921875
vt 0.490234375 0.224609375
vt 0.474609375 0.224609375
vt 0.705078125 0.19921875
vt 0.705078125 0.224609375
vt 0.689453125 0.224609375
vt 0.689453125 0.19921875
vt 0.068359375 0.15234375
vt 0.068359375 0.16796875
vt 0.052734375 0.16796875
vt 0.052734375 0.15234375
vt 0.0859375 0.16796875
vt 0.0703125 0.16796875
vt 0.0703125 0.15234375
vt 0.0859375 0.15234375
vt 0.78125 0.650390625
vt 0.75390625 0.650390625
vt 0.75390625 0.634765625
vt 0.78125 0.634765625
vt 0.78125 0.6171875
vt 0.78125 0.6328125
vt 0.75390625 0.6328125
vt 0.75390625 0.6171875
vt 0.75390625 0.587890625
vt 0.76953125 0.587890625
vt 0.76953125 0.615234375
vt 0.75390625 0.615234375
vt 0.76953125 0.55859375
vt 0.76953125 0.5859375
vt 0.75390625 0.5859375
vt 0.75390625 0.55859375
vt 0.103515625 0.15234375
vt 0.103515625 0.16796875
vt 0.087890625 0.16796875
vt 0.087890625 0.15234375
vt 0.12109375 0.16796875
vt 0.10546875 0.16796875
vt 0.10546875 0.15234375
vt 0.12109375 0.15234375
vt 0.138671875 0.16796875
vt 0.123046875 0.16796875
vt 0.123046875 0.15234375
vt 0.138671875 0.15234375
vt 0.15625 0.15234375
vt 0.15625 0.16796875
vt 0.140625 0.16796875
vt 0.140625 0.15234375
vt 0.38671875 0.15234375
vt 0.40234375 0.15234375
vt 0.40234375 0.16796875
vt 0.38671875 0.16796875
vt 0.419921875 0.15234375
vt 0.419921875 0.16796875
vt 0.404296875 0.16796875
vt 0.404296875 0.15234375
vt 0.84765625 0.24609375
vt 0.84765625 0.26171875
vt 0.83203125 0.26171875
vt 0.83203125 0.24609375
vt 0.84765625 0.244140625
vt 0.83203125 0.244140625
vt 0.83203125 0.228515625
vt 0.84765625 0.228515625
vt 0.419921875 0.26953125
vt 0.396484375 0.26953125
vt 0.396484375 0.24609375
vt 0.419921875 0.24609375
vt 0.490234375 0.244140625
vt 0.490234375 0.267578125
vt 0.466796875 0.267578125
vt 0.466796875 0.244140625
vt 0.208984375 0.400390625
vt 0.212890625 0.400390625
vt 0.212890625 0.423828125
vt 0.208984375 0.423828125
vt 0.455078125 0.384765625
vt 0.455078125 0.408203125
vt 0.451171875 0.408203125
vt 0.451171875 0.384765625
vt 0.212890625 0.375
vt 0.212890625 0.3984375
vt 0.208984375 0.3984375
vt 0.208984375 0.375
vt 0.455078125 0.3828125
vt 0.451171875 0.3828125
vt 0.451171875 0.359375
vt 0.455078125 0.359375
vt 0.78125 0.556640625
vt 0.75390625 0.556640625
vt 0.75390625 0.541015625
vt 0.78125 0.541015625
vt 0.78125 0.5234375
vt 0.78125 0.5390625
vt 0.75390625 0.5390625
vt 0.75390625 0.5234375
vt 0.75390625 0.494140625
vt 0.76953125 0.494140625
vt 0.76953125 0.521484375
vt 0.75390625 0.521484375
vt 0.76953125 0.46484375
vt 0.76953125 0.4921875
vt 0.75390625 0.4921875
vt 0.75390625 0.46484375
vt 0.828125 0.15234375
vt 0.828125 0.16796875
vt 0.8125 0.16796875
vt 0.8125 0.15234375
vt 0.845703125 0.16796875
vt 0.830078125 0.16796875
vt 0.830078125 0.15234375
vt 0.845703125 0.15234375
vt 0.015625 0.166015625
vt 0 0.166015625
vt 0 0.150390625
vt 0.015625 0.150390625
vt 0.849609375 0.87890625
vt 0.849609375 0.89453125
vt 0.833984375 0.89453125
vt 0.833984375 0.87890625
vt 0.70703125 0.208984375
vt 0.732421875 0.208984375
vt 0.732421875 0.224609375
vt 0.70703125 0.224609375
vt 0.052734375 0.20703125
vt 0.052734375 0.22265625
vt 0.02734375 0.22265625
vt 0.02734375 0.20703125
vt 0.080078125 0.20703125
vt 0.080078125 0.22265625
vt 0.0546875 0.22265625
vt 0.0546875 0.20703125
vt 0.107421875 0.22265625
vt 0.08203125 0.22265625
vt 0.08203125 0.20703125
vt 0.107421875 0.20703125
vt 0.19140625 0.166015625
vt 0.17578125 0.166015625
vt 0.17578125 0.150390625
vt 0.19140625 0.150390625
vt 0.208984375 0.150390625
vt 0.208984375 0.166015625
vt 0.193359375 0.166015625
vt 0.193359375 0.150390625
vt 0.109375 0.20703125
vt 0.134765625 0.20703125
vt 0.134765625 0.22265625
vt 0.109375 0.22265625
vt 0.162109375 0.20703125
vt 0.162109375 0.22265625
vt 0.13671875 0.22265625
vt 0.13671875 0.20703125
vt 0.802734375 0.80859375
vt 0.802734375 0.82421875
vt 0.77734375 0.82421875
vt 0.77734375 0.80859375
vt 0.802734375 0.806640625
vt 0.77734375 0.806640625
vt 0.77734375 0.791015625
vt 0.802734375 0.791015625
vt 0.2265625 0.166015625
vt 0.2109375 0.166015625
vt 0.2109375 0.150390625
vt 0.2265625 0.150390625
vt 0.244140625 0.150390625
vt 0.244140625 0.166015625
vt 0.228515625 0.166015625
vt 0.228515625 0.150390625
vt 0.77734375 0.7734375
vt 0.802734375 0.7734375
vt 0.802734375 0.7890625
vt 0.77734375 0.7890625
vt 0.427734375 0.20703125
vt 0.427734375 0.22265625
vt 0.40234375 0.22265625
vt 0.40234375 0.20703125
vt 0.802734375 0.39453125
vt 0.802734375 0.41015625
vt 0.77734375 0.41015625
vt 0.77734375 0.39453125
vt 0.802734375 0.29296875
vt 0.77734375 0.29296875
vt 0.77734375 0.27734375
vt 0.802734375 0.27734375
vt 0.857421875 0.2734375
vt 0.833984375 0.2734375
vt 0.833984375 0.26953125
vt 0.857421875 0.26953125
vt 0.857421875 0.263671875
vt 0.857421875 0.267578125
vt 0.833984375 0.267578125
vt 0.833984375 0.263671875
vt 0.734375 0.9765625
vt 0.7578125 0.9765625
vt 0.7578125 1
vt 0.734375 1
vt 0.4453125 0.2421875
vt 0.4453125 0.265625
vt 0.421875 0.265625
vt 0.421875 0.2421875
vt 0.779296875 0.162109375
vt 0.779296875 0.166015625
vt 0.755859375 0.166015625
vt 0.755859375 0.162109375
vt 0.859375 0.7890625
vt 0.8359375 0.7890625
vt 0.8359375 0.78515625
vt 0.859375 0.78515625
vt 0.859375 0.783203125
vt 0.8359375 0.783203125
vt 0.8359375 0.779296875
vt 0.859375 0.779296875
vt 0.859375 0.7734375
vt 0.859375 0.77734375
vt 0.8359375 0.77734375
vt 0.8359375 0.7734375
vt 0.734375 0.330078125
vt 0.7578125 0.330078125
vt 0.7578125 0.353515625
vt 0.734375 0.353515625
vt 0.7578125 0.3046875
vt 0.7578125 0.328125
vt 0.734375 0.328125
vt 0.734375 0.3046875
vt 0.859375 0.767578125
vt 0.859375 0.771484375
vt 0.8359375 0.771484375
vt 0.8359375 0.767578125
vt 0.859375 0.765625
vt 0.8359375 0.765625
vt 0.8359375 0.76171875
vt 0.859375 0.76171875
vt 0.859375 0.759765625
vt 0.8359375 0.759765625
vt 0.8359375 0.755859375
vt 0.859375 0.755859375
vt 0.859375 0.75
vt 0.859375 0.75390625
vt 0.8359375 0.75390625
vt 0.8359375 0.75
vt 0.734375 0.279296875
vt 0.7578125 0.279296875
vt 0.7578125 0.302734375
vt 0.734375 0.302734375
vt 0.759765625 0.890625
vt 0.759765625 0.9140625
vt 0.736328125 0.9140625
vt 0.736328125 0.890625
vt 0.859375 0.744140625
vt 0.859375 0.748046875
vt 0.8359375 0.748046875
vt 0.8359375 0.744140625
vt 0.859375 0.7421875
vt 0.8359375 0.7421875
vt 0.8359375 0.73828125
vt 0.859375 0.73828125
vt 0.859375 0.662109375
vt 0.8359375 0.662109375
vt 0.8359375 0.658203125
vt 0.859375 0.658203125
vt 0.859375 0.65234375
vt 0.859375 0.65625
vt 0.8359375 0.65625
vt 0.8359375 0.65234375
vt 0.73828125 0.865234375
vt 0.76171875 0.865234375
vt 0.76171875 0.888671875
vt 0.73828125 0.888671875
vt 0.76171875 0.83984375
vt 0.76171875 0.86328125
vt 0.73828125 0.86328125
vt 0.73828125 0.83984375
vt 0.859375 0.646484375
vt 0.859375 0.650390625
vt 0.8359375 0.650390625
vt 0.8359375 0.646484375
vt 0.859375 0.57421875
vt 0.8359375 0.57421875
vt 0.8359375 0.5703125
vt 0.859375 0.5703125
vt 0.859375 0.568359375
vt 0.8359375 0.568359375
vt 0.8359375 0.564453125
vt 0.859375 0.564453125
vt 0.859375 0.55859375
vt 0.859375 0.5625
vt 0.8359375 0.5625
vt 0.8359375 0.55859375
vt 0.73828125 0.814453125
vt 0.76171875 0.814453125
vt 0.76171875 0.837890625
vt 0.73828125 0.837890625
vt 0.69921875 0.228515625
vt 0.69921875 0.251953125
vt 0.67578125 0.251953125
vt 0.67578125 0.228515625
vt 0.716796875 0.16015625
vt 0.716796875 0.1640625
vt 0.693359375 0.1640625
vt 0.693359375 0.16015625
vt 0.861328125 0.982421875
vt 0.837890625 0.982421875
vt 0.837890625 0.978515625
vt 0.861328125 0.978515625
vt 0.861328125 0.9765625
vt 0.837890625 0.9765625
vt 0.837890625 0.97265625
vt 0.861328125 0.97265625
vt 0.861328125 0.966796875
vt 0.861328125 0.970703125
vt 0.837890625 0.970703125
vt 0.837890625 0.966796875
vt 0.701171875 0.2265625
vt 0.724609375 0.2265625
vt 0.724609375 0.25
vt 0.701171875 0.25
vt 0.75 0.2265625
vt 0.75 0.25
vt 0.7265625 0.25
vt 0.7265625 0.2265625
vt 0.861328125 0.9609375
vt 0.861328125 0.96484375
vt 0.837890625 0.96484375
vt 0.837890625 0.9609375
vt 0.861328125 0.958984375
vt 0.837890625 0.958984375
vt 0.837890625 0.955078125
vt 0.861328125 0.955078125
vt 0.861328125 0.953125
vt 0.837890625 0.953125
vt 0.837890625 0.94921875
vt 0.861328125 0.94921875
vt 0.86328125 0.822265625
vt 0.86328125 0.826171875
vt 0.83984375 0.826171875
vt 0.83984375 0.822265625
vt 0.03125 0.224609375
vt 0.0546875 0.224609375
vt 0.0546875 0.248046875
vt 0.03125 0.248046875
vt 0.080078125 0.224609375
vt 0.080078125 0.248046875
vt 0.056640625 0.248046875
vt 0.056640625 0.224609375
vt 0.86328125 0.81640625
vt 0.86328125 0.8203125
vt 0.83984375 0.8203125
vt 0.83984375 0.81640625
vt 0.86328125 0.814453125
vt 0.83984375 0.814453125
vt 0.83984375 0.810546875
vt 0.86328125 0.810546875
vt 0.86328125 0.80859375
vt 0.83984375 0.80859375
vt 0.83984375 0.8046875
vt 0.86328125 0.8046875
vt 0.86328125 0.798828125
vt 0.86328125 0.802734375
vt 0.83984375 0.802734375
vt 0.83984375 0.798828125
vt 0.08203125 0.224609375
vt 0.10546875 0.224609375
vt 0.10546875 0.248046875
vt 0.08203125 0.248046875
vt 0.130859375 0.224609375
vt 0.130859375 0.248046875
vt 0.107421875 0.248046875
vt 0.107421875 0.224609375
vt 0.86328125 0.79296875
vt 0.86328125 0.796875
vt 0.83984375 0.796875
vt 0.83984375 0.79296875
vt 0.26953125 0.16015625
vt 0.24609375 0.16015625
vt 0.24609375 0.15625
vt 0.26953125 0.15625
vt 0.294921875 0.16015625
vt 0.271484375 0.16015625
vt 0.271484375 0.15625
vt 0.294921875 0.15625
vt 0.3203125 0.15625
vt 0.3203125 0.16015625
vt 0.296875 0.16015625
vt 0.296875 0.15625
vt 0.1328125 0.224609375
vt 0.15625 0.224609375
vt 0.15625 0.248046875
vt 0.1328125 0.248046875
vt 0.181640625 0.224609375
vt 0.181640625 0.248046875
vt 0.158203125 0.248046875
vt 0.158203125 0.224609375
vt 0.345703125 0.15625
vt 0.345703125 0.16015625
vt 0.322265625 0.16015625
vt 0.322265625 0.15625
vt 0.37109375 0.16015625
vt 0.34765625 0.16015625
vt 0.34765625 0.15625
vt 0.37109375 0.15625
vt 0.46875 0.16015625
vt 0.4453125 0.16015625
vt 0.4453125 0.15625
vt 0.46875 0.15625
vt 0.556640625 0.15625
vt 0.556640625 0.16015625
vt 0.533203125 0.16015625
vt 0.533203125 0.15625
vt 0.751953125 0.7890625
vt 0.775390625 0.7890625
vt 0.775390625 0.8125
vt 0.751953125 0.8125
vt 0.775390625 0.763671875
vt 0.775390625 0.787109375
vt 0.751953125 0.787109375
vt 0.751953125 0.763671875
vt 0.58203125 0.15625
vt 0.58203125 0.16015625
vt 0.55859375 0.16015625
vt 0.55859375 0.15625
vt 0.86328125 0.431640625
vt 0.83984375 0.431640625
vt 0.83984375 0.427734375
vt 0.86328125 0.427734375
vt 0.86328125 0.42578125
vt 0.83984375 0.42578125
vt 0.83984375 0.421875
vt 0.86328125 0.421875
vt 0.86328125 0.416015625
vt 0.86328125 0.419921875
vt 0.83984375 0.419921875
vt 0.83984375 0.416015625
vt 0.751953125 0.3828125
vt 0.775390625 0.3828125
vt 0.775390625 0.40625
vt 0.751953125 0.40625
vt 0.775390625 0.25390625
vt 0.775390625 0.27734375
vt 0.751953125 0.27734375
vt 0.751953125 0.25390625
vt 0.607421875 0.15625
vt 0.607421875 0.16015625
vt 0.583984375 0.16015625
vt 0.583984375 0.15625
vt 0.6328125 0.16015625
vt 0.609375 0.16015625
vt 0.609375 0.15625
vt 0.6328125 0.15625
vt 0.439453125 0.8359375
vt 0.220703125 0.8359375
vt 0.220703125 0.8203125
vt 0.439453125 0.8203125
vt 0.439453125 0.802734375
vt 0.439453125 0.818359375
vt 0.220703125 0.818359375
vt 0.220703125 0.802734375
vt 0 0.78125
vt 0.21875 0.78125
vt 0.21875 1
vt 0 1
vt 0.21875 0.560546875
vt 0.21875 0.779296875
vt 0 0.779296875
vt 0 0.560546875
vt 0.439453125 0.78515625
vt 0.439453125 0.80078125
vt 0.220703125 0.80078125
vt 0.220703125 0.78515625
vt 0.439453125 0.783203125
vt 0.220703125 0.783203125
vt 0.220703125 0.767578125
vt 0.439453125 0.767578125
vt 0.7265625 0.48694082031249997
vt 0.7174095703125 0.49609375
vt 0.7109375 0.48046875
vt 0.615234375 0.478515625
vt 0.62890625 0.478515625
vt 0.62890625 0.607421875
vt 0.615234375 0.607421875
vt 0.7174095703125 0.431640625
vt 0.7265625 0.44079355468750003
vt 0.7109375 0.447265625
vt 0.7265625 0.47399667968750003
vt 0.7265625 0.48694082031249997
vt 0.7109375 0.48046875
vt 0.599609375 0.34765625
vt 0.61328125 0.34765625
vt 0.61328125 0.4765625
vt 0.599609375 0.4765625
vt 0.7265625 0.44079355468750003
vt 0.7265625 0.45373769531249997
vt 0.7109375 0.447265625
vt 0.7174095703125 0.46484375
vt 0.7265625 0.47399667968750003
vt 0.7109375 0.48046875
vt 0.615234375 0.34765625
vt 0.62890625 0.34765625
vt 0.62890625 0.4765625
vt 0.615234375 0.4765625
vt 0.7265625 0.45373769531249997
vt 0.7174095703125 0.462890625
vt 0.7109375 0.447265625
vt 0.7044654296875 0.46484375
vt 0.7174095703125 0.46484375
vt 0.7109375 0.48046875
vt 0.60546875 0.87109375
vt 0.619140625 0.87109375
vt 0.619140625 1
vt 0.60546875 1
vt 0.7174095703125 0.462890625
vt 0.7044654296875 0.462890625
vt 0.7109375 0.447265625
vt 0.6953125 0.47399667968750003
vt 0.7044654296875 0.46484375
vt 0.7109375 0.48046875
vt 0.62109375 0.87109375
vt 0.634765625 0.87109375
vt 0.634765625 1
vt 0.62109375 1
vt 0.7044654296875 0.462890625
vt 0.6953125 0.45373769531249997
vt 0.7109375 0.447265625
vt 0.6953125 0.48694082031249997
vt 0.6953125 0.47399667968750003
vt 0.7109375 0.48046875
vt 0 0.263671875
vt 0.013671875 0.263671875
vt 0.013671875 0.392578125
vt 0 0.392578125
vt 0.6953125 0.45373769531249997
vt 0.6953125 0.44079355468750003
vt 0.7109375 0.447265625
vt 0.7044654296875 0.49609375
vt 0.6953125 0.48694082031249997
vt 0.7109375 0.48046875
vt 0.615234375 0.609375
vt 0.62890625 0.609375
vt 0.62890625 0.73828125
vt 0.615234375 0.73828125
vt 0.6953125 0.44079355468750003
vt 0.7044654296875 0.431640625
vt 0.7109375 0.447265625
vt 0.7174095703125 0.49609375
vt 0.7044654296875 0.49609375
vt 0.7109375 0.48046875
vt 0.615234375 0.740234375
vt 0.62890625 0.740234375
vt 0.62890625 0.869140625
vt 0.615234375 0.869140625
vt 0.7044654296875 0.431640625
vt 0.7174095703125 0.431640625
vt 0.7109375 0.447265625
vt 0.7265625 0.5533470703125001
vt 0.7174095703125 0.5625
vt 0.7109375 0.546875
vt 0.599609375 0.740234375
vt 0.61328125 0.740234375
vt 0.61328125 0.869140625
vt 0.599609375 0.869140625
vt 0.7174095703125 0.498046875
vt 0.7265625 0.5071998046874999
vt 0.7109375 0.513671875
vt 0.7265625 0.5404029296874999
vt 0.7265625 0.5533470703125001
vt 0.7109375 0.546875
vt 0.583984375 0.740234375
vt 0.59765625 0.740234375
vt 0.59765625 0.869140625
vt 0.583984375 0.869140625
vt 0.7265625 0.5071998046874999
vt 0.7265625 0.5201439453125001
vt 0.7109375 0.513671875
vt 0.7174095703125 0.53125
vt 0.7265625 0.5404029296874999
vt 0.7109375 0.546875
vt 0.599609375 0.609375
vt 0.61328125 0.609375
vt 0.61328125 0.73828125
vt 0.599609375 0.73828125
vt 0.7265625 0.5201439453125001
vt 0.7174095703125 0.529296875
vt 0.7109375 0.513671875
vt 0.7044654296875 0.53125
vt 0.7174095703125 0.53125
vt 0.7109375 0.546875
vt 0.583984375 0.609375
vt 0.59765625 0.609375
vt 0.59765625 0.73828125
vt 0.583984375 0.73828125
vt 0.7174095703125 0.529296875
vt 0.7044654296875 0.529296875
vt 0.7109375 0.513671875
vt 0.6953125 0.5404029296874999
vt 0.7044654296875 0.53125
vt 0.7109375 0.546875
vt 0.599609375 0.478515625
vt 0.61328125 0.478515625
vt 0.61328125 0.607421875
vt 0.599609375 0.607421875
vt 0.7044654296875 0.529296875
vt 0.6953125 0.5201439453125001
vt 0.7109375 0.513671875
vt 0.6953125 0.5533470703125001
vt 0.6953125 0.5404029296874999
vt 0.7109375 0.546875
vt 0.583984375 0.478515625
vt 0.59765625 0.478515625
vt 0.59765625 0.607421875
vt 0.583984375 0.607421875
vt 0.6953125 0.5201439453125001
vt 0.6953125 0.5071998046874999
vt 0.7109375 0.513671875
vt 0.7044654296875 0.5625
vt 0.6953125 0.5533470703125001
vt 0.7109375 0.546875
vt 0.58984375 0.87109375
vt 0.603515625 0.87109375
vt 0.603515625 1
vt 0.58984375 1
vt 0.6953125 0.5071998046874999
vt 0.7044654296875 0.498046875
vt 0.7109375 0.513671875
vt 0.7174095703125 0.5625
vt 0.7044654296875 0.5625
vt 0.7109375 0.546875
vt 0.583984375 0.34765625
vt 0.59765625 0.34765625
vt 0.59765625 0.4765625
vt 0.583984375 0.4765625
vt 0.7044654296875 0.498046875
vt 0.7174095703125 0.498046875
vt 0.7109375 0.513671875
vt 0.7265625 0.6197533203125001
vt 0.7174095703125 0.62890625
vt 0.7109375 0.61328125
vt 0.568359375 0.34765625
vt 0.58203125 0.34765625
vt 0.58203125 0.4765625
vt 0.568359375 0.4765625
vt 0.7174095703125 0.564453125
vt 0.7265625 0.5736060546874999
vt 0.7109375 0.580078125
vt 0.7265625 0.6068091796874999
vt 0.7265625 0.6197533203125001
vt 0.7109375 0.61328125
vt 0.419921875 0.3046875
vt 0.43359375 0.3046875
vt 0.43359375 0.43359375
vt 0.419921875 0.43359375
vt 0.7265625 0.5736060546874999
vt 0.7265625 0.5865501953125001
vt 0.7109375 0.580078125
vt 0.7174095703125 0.59765625
vt 0.7265625 0.6068091796874999
vt 0.7109375 0.61328125
vt 0.57421875 0.87109375
vt 0.587890625 0.87109375
vt 0.587890625 1
vt 0.57421875 1
vt 0.7265625 0.5865501953125001
vt 0.7174095703125 0.595703125
vt 0.7109375 0.580078125
vt 0.7044654296875 0.59765625
vt 0.7174095703125 0.59765625
vt 0.7109375 0.61328125
vt 0.435546875 0.3046875
vt 0.44921875 0.3046875
vt 0.44921875 0.43359375
vt 0.435546875 0.43359375
vt 0.7174095703125 0.595703125
vt 0.7044654296875 0.595703125
vt 0.7109375 0.580078125
vt 0.6953125 0.6068091796874999
vt 0.7044654296875 0.59765625
vt 0.7109375 0.61328125
vt 0.193359375 0.294921875
vt 0.20703125 0.294921875
vt 0.20703125 0.423828125
vt 0.193359375 0.423828125
vt 0.7044654296875 0.595703125
vt 0.6953125 0.5865501953125001
vt 0.7109375 0.580078125
vt 0.6953125 0.6197533203125001
vt 0.6953125 0.6068091796874999
vt 0.7109375 0.61328125
vt 0.568359375 0.740234375
vt 0.58203125 0.740234375
vt 0.58203125 0.869140625
vt 0.568359375 0.869140625
vt 0.6953125 0.5865501953125001
vt 0.6953125 0.5736060546874999
vt 0.7109375 0.580078125
vt 0.7044654296875 0.62890625
vt 0.6953125 0.6197533203125001
vt 0.7109375 0.61328125
vt 0.568359375 0.478515625
vt 0.58203125 0.478515625
vt 0.58203125 0.607421875
vt 0.568359375 0.607421875
vt 0.6953125 0.5736060546874999
vt 0.7044654296875 0.564453125
vt 0.7109375 0.580078125
vt 0.7174095703125 0.62890625
vt 0.7044654296875 0.62890625
vt 0.7109375 0.61328125
vt 0.568359375 0.609375
vt 0.58203125 0.609375
vt 0.58203125 0.73828125
vt 0.568359375 0.73828125
vt 0.7044654296875 0.564453125
vt 0.7174095703125 0.564453125
vt 0.7109375 0.580078125
vt 0.7265625 0.6861595703125001
vt 0.7174095703125 0.6953125
vt 0.7109375 0.6796875
vt 0.373046875 0.3046875
vt 0.38671875 0.3046875
vt 0.38671875 0.43359375
vt 0.373046875 0.43359375
vt 0.7174095703125 0.630859375
vt 0.7265625 0.6400123046874999
vt 0.7109375 0.646484375
vt 0.7265625 0.6732154296874999
vt 0.7265625 0.6861595703125001
vt 0.7109375 0.6796875
vt 0.294921875 0.3046875
vt 0.30859375 0.3046875
vt 0.30859375 0.43359375
vt 0.294921875 0.43359375
vt 0.7265625 0.6400123046874999
vt 0.7265625 0.6529564453125001
vt 0.7109375 0.646484375
vt 0.7174095703125 0.6640625
vt 0.7265625 0.6732154296874999
vt 0.7109375 0.6796875
vt 0.388671875 0.3046875
vt 0.40234375 0.3046875
vt 0.40234375 0.43359375
vt 0.388671875 0.43359375
vt 0.7265625 0.6529564453125001
vt 0.7174095703125 0.662109375
vt 0.7109375 0.646484375
vt 0.7044654296875 0.6640625
vt 0.7174095703125 0.6640625
vt 0.7109375 0.6796875
vt 0.310546875 0.3046875
vt 0.32421875 0.3046875
vt 0.32421875 0.43359375
vt 0.310546875 0.43359375
vt 0.7174095703125 0.662109375
vt 0.7044654296875 0.662109375
vt 0.7109375 0.646484375
vt 0.6953125 0.6732154296874999
vt 0.7044654296875 0.6640625
vt 0.7109375 0.6796875
vt 0.404296875 0.3046875
vt 0.41796875 0.3046875
vt 0.41796875 0.43359375
vt 0.404296875 0.43359375
vt 0.7044654296875 0.662109375
vt 0.6953125 0.6529564453125001
vt 0.7109375 0.646484375
vt 0.6953125 0.6861595703125001
vt 0.6953125 0.6732154296874999
vt 0.7109375 0.6796875
vt 0.326171875 0.3046875
vt 0.33984375 0.3046875
vt 0.33984375 0.43359375
vt 0.326171875 0.43359375
vt 0.6953125 0.6529564453125001
vt 0.6953125 0.6400123046874999
vt 0.7109375 0.646484375
vt 0.7044654296875 0.6953125
vt 0.6953125 0.6861595703125001
vt 0.7109375 0.6796875
vt 0.357421875 0.3046875
vt 0.37109375 0.3046875
vt 0.37109375 0.43359375
vt 0.357421875 0.43359375
vt 0.6953125 0.6400123046874999
vt 0.7044654296875 0.630859375
vt 0.7109375 0.646484375
vt 0.7174095703125 0.6953125
vt 0.7044654296875 0.6953125
vt 0.7109375 0.6796875
vt 0.341796875 0.3046875
vt 0.35546875 0.3046875
vt 0.35546875 0.43359375
vt 0.341796875 0.43359375
vt 0.7044654296875 0.630859375
vt 0.7174095703125 0.630859375
vt 0.7109375 0.646484375
vt 0.7265625 0.42053457031249997
vt 0.7174095703125 0.4296875
vt 0.7109375 0.4140625
vt 0.115234375 0.25
vt 0.12890625 0.25
vt 0.12890625 0.37890625
vt 0.115234375 0.37890625
vt 0.2310814453125 0.271484375
vt 0.240234375 0.28063730468750003
vt 0.224609375 0.287109375
vt 0.7265625 0.40759042968750003
vt 0.7265625 0.42053457031249997
vt 0.7109375 0.4140625
vt 0.037109375 0.25
vt 0.05078125 0.25
vt 0.05078125 0.37890625
vt 0.037109375 0.37890625
vt 0.240234375 0.28063730468750003
vt 0.240234375 0.29358144531249997
vt 0.224609375 0.287109375
vt 0.7174095703125 0.3984375
vt 0.7265625 0.40759042968750003
vt 0.7109375 0.4140625
vt 0.130859375 0.25
vt 0.14453125 0.25
vt 0.14453125 0.37890625
vt 0.130859375 0.37890625
vt 0.240234375 0.29358144531249997
vt 0.2310814453125 0.302734375
vt 0.224609375 0.287109375
vt 0.7044654296875 0.3984375
vt 0.7174095703125 0.3984375
vt 0.7109375 0.4140625
vt 0.052734375 0.25
vt 0.06640625 0.25
vt 0.06640625 0.37890625
vt 0.052734375 0.37890625
vt 0.2310814453125 0.302734375
vt 0.2181373046875 0.302734375
vt 0.224609375 0.287109375
vt 0.6953125 0.40759042968750003
vt 0.7044654296875 0.3984375
vt 0.7109375 0.4140625
vt 0.146484375 0.25
vt 0.16015625 0.25
vt 0.16015625 0.37890625
vt 0.146484375 0.37890625
vt 0.2181373046875 0.302734375
vt 0.208984375 0.29358144531249997
vt 0.224609375 0.287109375
vt 0.6953125 0.42053457031249997
vt 0.6953125 0.40759042968750003
vt 0.7109375 0.4140625
vt 0.068359375 0.25
vt 0.08203125 0.25
vt 0.08203125 0.37890625
vt 0.068359375 0.37890625
vt 0.208984375 0.29358144531249997
vt 0.208984375 0.28063730468750003
vt 0.224609375 0.287109375
vt 0.7044654296875 0.4296875
vt 0.6953125 0.42053457031249997
vt 0.7109375 0.4140625
vt 0.099609375 0.25
vt 0.11328125 0.25
vt 0.11328125 0.37890625
vt 0.099609375 0.37890625
vt 0.208984375 0.28063730468750003
vt 0.2181373046875 0.271484375
vt 0.224609375 0.287109375
vt 0.7174095703125 0.4296875
vt 0.7044654296875 0.4296875
vt 0.7109375 0.4140625
vt 0.083984375 0.25
vt 0.09765625 0.25
vt 0.09765625 0.37890625
vt 0.083984375 0.37890625
vt 0.2181373046875 0.271484375
vt 0.2310814453125 0.271484375
vt 0.224609375 0.287109375
vt 0.2734375 0.29358144531249997
vt 0.2642845703125 0.302734375
vt 0.2578125 0.287109375
vt 0.630859375 0.478515625
vt 0.64453125 0.478515625
vt 0.64453125 0.607421875
vt 0.630859375 0.607421875
vt 0.2974876953125 0.271484375
vt 0.306640625 0.28063730468750003
vt 0.291015625 0.287109375
vt 0.2734375 0.28063730468750003
vt 0.2734375 0.29358144531249997
vt 0.2578125 0.287109375
vt 0.162109375 0.25
vt 0.17578125 0.25
vt 0.17578125 0.37890625
vt 0.162109375 0.37890625
vt 0.306640625 0.28063730468750003
vt 0.306640625 0.29358144531249997
vt 0.291015625 0.287109375
vt 0.2642845703125 0.271484375
vt 0.2734375 0.28063730468750003
vt 0.2578125 0.287109375
vt 0.630859375 0.34765625
vt 0.64453125 0.34765625
vt 0.64453125 0.4765625
vt 0.630859375 0.4765625
vt 0.306640625 0.29358144531249997
vt 0.2974876953125 0.302734375
vt 0.291015625 0.287109375
vt 0.2513404296875 0.271484375
vt 0.2642845703125 0.271484375
vt 0.2578125 0.287109375
vt 0.177734375 0.25
vt 0.19140625 0.25
vt 0.19140625 0.37890625
vt 0.177734375 0.37890625
vt 0.2974876953125 0.302734375
vt 0.2845435546875 0.302734375
vt 0.291015625 0.287109375
vt 0.2421875 0.28063730468750003
vt 0.2513404296875 0.271484375
vt 0.2578125 0.287109375
vt 0.63671875 0.87109375
vt 0.650390625 0.87109375
vt 0.650390625 1
vt 0.63671875 1
vt 0.2845435546875 0.302734375
vt 0.275390625 0.29358144531249997
vt 0.291015625 0.287109375
vt 0.2421875 0.29358144531249997
vt 0.2421875 0.28063730468750003
vt 0.2578125 0.287109375
vt 0.015625 0.24609375
vt 0.029296875 0.24609375
vt 0.029296875 0.375
vt 0.015625 0.375
vt 0.275390625 0.29358144531249997
vt 0.275390625 0.28063730468750003
vt 0.291015625 0.287109375
vt 0.2513404296875 0.302734375
vt 0.2421875 0.29358144531249997
vt 0.2578125 0.287109375
vt 0.630859375 0.609375
vt 0.64453125 0.609375
vt 0.64453125 0.73828125
vt 0.630859375 0.73828125
vt 0.275390625 0.28063730468750003
vt 0.2845435546875 0.271484375
vt 0.291015625 0.287109375
vt 0.2642845703125 0.302734375
vt 0.2513404296875 0.302734375
vt 0.2578125 0.287109375
vt 0.630859375 0.740234375
vt 0.64453125 0.740234375
vt 0.64453125 0.869140625
vt 0.630859375 0.869140625
vt 0.2845435546875 0.271484375
vt 0.2974876953125 0.271484375
vt 0.291015625 0.287109375
vt 0.701171875 0.36780019531249997
vt 0.6920189453125 0.376953125
vt 0.685546875 0.361328125
vt 0.115234375 0.380859375
vt 0.12890625 0.380859375
vt 0.12890625 0.509765625
vt 0.115234375 0.509765625
vt 0.4732689453125 0.29296875
vt 0.482421875 0.30212167968750003
vt 0.466796875 0.30859375
vt 0.701171875 0.35485605468750003
vt 0.701171875 0.36780019531249997
vt 0.685546875 0.361328125
vt 0.037109375 0.380859375
vt 0.05078125 0.380859375
vt 0.05078125 0.509765625
vt 0.037109375 0.509765625
vt 0.482421875 0.30212167968750003
vt 0.482421875 0.31506582031249997
vt 0.466796875 0.30859375
vt 0.6920189453125 0.345703125
vt 0.701171875 0.35485605468750003
vt 0.685546875 0.361328125
vt 0.130859375 0.380859375
vt 0.14453125 0.380859375
vt 0.14453125 0.509765625
vt 0.130859375 0.509765625
vt 0.482421875 0.31506582031249997
vt 0.4732689453125 0.32421875
vt 0.466796875 0.30859375
vt 0.6790748046875 0.345703125
vt 0.6920189453125 0.345703125
vt 0.685546875 0.361328125
vt 0.052734375 0.380859375
vt 0.06640625 0.380859375
vt 0.06640625 0.509765625
vt 0.052734375 0.509765625
vt 0.4732689453125 0.32421875
vt 0.4603248046875 0.32421875
vt 0.466796875 0.30859375
vt 0.669921875 0.35485605468750003
vt 0.6790748046875 0.345703125
vt 0.685546875 0.361328125
vt 0.146484375 0.380859375
vt 0.16015625 0.380859375
vt 0.16015625 0.509765625
vt 0.146484375 0.509765625
vt 0.4603248046875 0.32421875
vt 0.451171875 0.31506582031249997
vt 0.466796875 0.30859375
vt 0.669921875 0.36780019531249997
vt 0.669921875 0.35485605468750003
vt 0.685546875 0.361328125
vt 0.068359375 0.380859375
vt 0.08203125 0.380859375
vt 0.08203125 0.509765625
vt 0.068359375 0.509765625
vt 0.451171875 0.31506582031249997
vt 0.451171875 0.30212167968750003
vt 0.466796875 0.30859375
vt 0.6790748046875 0.376953125
vt 0.669921875 0.36780019531249997
vt 0.685546875 0.361328125
vt 0.099609375 0.380859375
vt 0.11328125 0.380859375
vt 0.11328125 0.509765625
vt 0.099609375 0.509765625
vt 0.451171875 0.30212167968750003
vt 0.4603248046875 0.29296875
vt 0.466796875 0.30859375
vt 0.6920189453125 0.376953125
vt 0.6790748046875 0.376953125
vt 0.685546875 0.361328125
vt 0.083984375 0.380859375
vt 0.09765625 0.380859375
vt 0.09765625 0.509765625
vt 0.083984375 0.509765625
vt 0.4603248046875 0.29296875
vt 0.4732689453125 0.29296875
vt 0.466796875 0.30859375
vt 0.33984375 0.29358144531249997
vt 0.3306908203125 0.302734375
vt 0.32421875 0.287109375
vt 0.505859375 0.216796875
vt 0.51953125 0.216796875
vt 0.51953125 0.345703125
vt 0.505859375 0.345703125
vt 0.3638939453125 0.271484375
vt 0.373046875 0.28063730468750003
vt 0.357421875 0.287109375
vt 0.33984375 0.28063730468750003
vt 0.33984375 0.29358144531249997
vt 0.32421875 0.287109375
vt 0.646484375 0.740234375
vt 0.66015625 0.740234375
vt 0.66015625 0.869140625
vt 0.646484375 0.869140625
vt 0.373046875 0.28063730468750003
vt 0.373046875 0.29358144531249997
vt 0.357421875 0.287109375
vt 0.3306908203125 0.271484375
vt 0.33984375 0.28063730468750003
vt 0.32421875 0.287109375
vt 0.521484375 0.216796875
vt 0.53515625 0.216796875
vt 0.53515625 0.345703125
vt 0.521484375 0.345703125
vt 0.373046875 0.29358144531249997
vt 0.3638939453125 0.302734375
vt 0.357421875 0.287109375
vt 0.3177466796875 0.271484375
vt 0.3306908203125 0.271484375
vt 0.32421875 0.287109375
vt 0.646484375 0.609375
vt 0.66015625 0.609375
vt 0.66015625 0.73828125
vt 0.646484375 0.73828125
vt 0.3638939453125 0.302734375
vt 0.3509498046875 0.302734375
vt 0.357421875 0.287109375
vt 0.30859375 0.28063730468750003
vt 0.3177466796875 0.271484375
vt 0.32421875 0.287109375
vt 0.537109375 0.216796875
vt 0.55078125 0.216796875
vt 0.55078125 0.345703125
vt 0.537109375 0.345703125
vt 0.3509498046875 0.302734375
vt 0.341796875 0.29358144531249997
vt 0.357421875 0.287109375
vt 0.30859375 0.29358144531249997
vt 0.30859375 0.28063730468750003
vt 0.32421875 0.287109375
vt 0.646484375 0.478515625
vt 0.66015625 0.478515625
vt 0.66015625 0.607421875
vt 0.646484375 0.607421875
vt 0.341796875 0.29358144531249997
vt 0.341796875 0.28063730468750003
vt 0.357421875 0.287109375
vt 0.3177466796875 0.302734375
vt 0.30859375 0.29358144531249997
vt 0.32421875 0.287109375
vt 0.65234375 0.87109375
vt 0.666015625 0.87109375
vt 0.666015625 1
vt 0.65234375 1
vt 0.341796875 0.28063730468750003
vt 0.3509498046875 0.271484375
vt 0.357421875 0.287109375
vt 0.3306908203125 0.302734375
vt 0.3177466796875 0.302734375
vt 0.32421875 0.287109375
vt 0.646484375 0.34765625
vt 0.66015625 0.34765625
vt 0.66015625 0.4765625
vt 0.646484375 0.4765625
vt 0.3509498046875 0.271484375
vt 0.3638939453125 0.271484375
vt 0.357421875 0.287109375
vt 0.197265625 0.544864453125
vt 0.183536328125 0.55859375
vt 0.173828125 0.53515625
vt 0.328125 0.6015625
vt 0.34765625 0.6015625
vt 0.34765625 0.765625
vt 0.328125 0.765625
vt 0.474551953125 0.787109375
vt 0.48828125 0.800838671875
vt 0.46484375 0.810546875
vt 0.197265625 0.525448046875
vt 0.197265625 0.544864453125
vt 0.173828125 0.53515625
vt 0.220703125 0.6015625
vt 0.240234375 0.6015625
vt 0.240234375 0.765625
vt 0.220703125 0.765625
vt 0.48828125 0.800838671875
vt 0.48828125 0.820255078125
vt 0.46484375 0.810546875
vt 0.183536328125 0.51171875
vt 0.197265625 0.525448046875
vt 0.173828125 0.53515625
vt 0.306640625 0.6015625
vt 0.326171875 0.6015625
vt 0.326171875 0.765625
vt 0.306640625 0.765625
vt 0.48828125 0.820255078125
vt 0.474551953125 0.833984375
vt 0.46484375 0.810546875
vt 0.164119921875 0.51171875
vt 0.183536328125 0.51171875
vt 0.173828125 0.53515625
vt 0.28515625 0.6015625
vt 0.3046875 0.6015625
vt 0.3046875 0.765625
vt 0.28515625 0.765625
vt 0.474551953125 0.833984375
vt 0.455135546875 0.833984375
vt 0.46484375 0.810546875
vt 0.150390625 0.525448046875
vt 0.164119921875 0.51171875
vt 0.173828125 0.53515625
vt 0.349609375 0.6015625
vt 0.369140625 0.6015625
vt 0.369140625 0.765625
vt 0.349609375 0.765625
vt 0.455135546875 0.833984375
vt 0.44140625 0.820255078125
vt 0.46484375 0.810546875
vt 0.150390625 0.544864453125
vt 0.150390625 0.525448046875
vt 0.173828125 0.53515625
vt 0.2421875 0.6015625
vt 0.26171875 0.6015625
vt 0.26171875 0.765625
vt 0.2421875 0.765625
vt 0.44140625 0.820255078125
vt 0.44140625 0.800838671875
vt 0.46484375 0.810546875
vt 0.164119921875 0.55859375
vt 0.150390625 0.544864453125
vt 0.173828125 0.53515625
vt 0.37109375 0.6015625
vt 0.390625 0.6015625
vt 0.390625 0.765625
vt 0.37109375 0.765625
vt 0.44140625 0.800838671875
vt 0.455135546875 0.787109375
vt 0.46484375 0.810546875
vt 0.183536328125 0.55859375
vt 0.164119921875 0.55859375
vt 0.173828125 0.53515625
vt 0.263671875 0.6015625
vt 0.283203125 0.6015625
vt 0.283203125 0.765625
vt 0.263671875 0.765625
vt 0.455135546875 0.787109375
vt 0.474551953125 0.787109375
vt 0.46484375 0.810546875
vt 0.50390625 0.771426953125
vt 0.490176953125 0.78515625
vt 0.48046875 0.76171875
vt 0.306640625 0.435546875
vt 0.326171875 0.435546875
vt 0.326171875 0.599609375
vt 0.306640625 0.599609375
vt 0.490176953125 0.689453125
vt 0.50390625 0.703182421875
vt 0.48046875 0.712890625
vt 0.50390625 0.752010546875
vt 0.50390625 0.771426953125
vt 0.48046875 0.76171875
vt 0.392578125 0.6015625
vt 0.412109375 0.6015625
vt 0.412109375 0.765625
vt 0.392578125 0.765625
vt 0.50390625 0.703182421875
vt 0.50390625 0.722598828125
vt 0.48046875 0.712890625
vt 0.490176953125 0.73828125
vt 0.50390625 0.752010546875
vt 0.48046875 0.76171875
vt 0.28515625 0.435546875
vt 0.3046875 0.435546875
vt 0.3046875 0.599609375
vt 0.28515625 0.599609375
vt 0.50390625 0.722598828125
vt 0.490176953125 0.736328125
vt 0.48046875 0.712890625
vt 0.470760546875 0.73828125
vt 0.490176953125 0.73828125
vt 0.48046875 0.76171875
vt 0.263671875 0.435546875
vt 0.283203125 0.435546875
vt 0.283203125 0.599609375
vt 0.263671875 0.599609375
vt 0.490176953125 0.736328125
vt 0.470760546875 0.736328125
vt 0.48046875 0.712890625
vt 0.45703125 0.752010546875
vt 0.470760546875 0.73828125
vt 0.48046875 0.76171875
vt 0.328125 0.435546875
vt 0.34765625 0.435546875
vt 0.34765625 0.599609375
vt 0.328125 0.599609375
vt 0.470760546875 0.736328125
vt 0.45703125 0.722598828125
vt 0.48046875 0.712890625
vt 0.45703125 0.771426953125
vt 0.45703125 0.752010546875
vt 0.48046875 0.76171875
vt 0.220703125 0.435546875
vt 0.240234375 0.435546875
vt 0.240234375 0.599609375
vt 0.220703125 0.599609375
vt 0.45703125 0.722598828125
vt 0.45703125 0.703182421875
vt 0.48046875 0.712890625
vt 0.470760546875 0.78515625
vt 0.45703125 0.771426953125
vt 0.48046875 0.76171875
vt 0.349609375 0.435546875
vt 0.369140625 0.435546875
vt 0.369140625 0.599609375
vt 0.349609375 0.599609375
vt 0.45703125 0.703182421875
vt 0.470760546875 0.689453125
vt 0.48046875 0.712890625
vt 0.490176953125 0.78515625
vt 0.470760546875 0.78515625
vt 0.48046875 0.76171875
vt 0.2421875 0.435546875
vt 0.26171875 0.435546875
vt 0.26171875 0.599609375
vt 0.2421875 0.599609375
vt 0.470760546875 0.689453125
vt 0.490176953125 0.689453125
vt 0.48046875 0.712890625
vt 0.50390625 0.673770703125
vt 0.490176953125 0.6875
vt 0.48046875 0.6640625
vt 0.435546875 0.435546875
vt 0.455078125 0.435546875
vt 0.455078125 0.599609375
vt 0.435546875 0.599609375
vt 0.490176953125 0.591796875
vt 0.50390625 0.605526171875
vt 0.48046875 0.615234375
vt 0.50390625 0.654354296875
vt 0.50390625 0.673770703125
vt 0.48046875 0.6640625
vt 0.37109375 0.435546875
vt 0.390625 0.435546875
vt 0.390625 0.599609375
vt 0.37109375 0.599609375
vt 0.50390625 0.605526171875
vt 0.50390625 0.624942578125
vt 0.48046875 0.615234375
vt 0.490176953125 0.640625
vt 0.50390625 0.654354296875
vt 0.48046875 0.6640625
vt 0.435546875 0.6015625
vt 0.455078125 0.6015625
vt 0.455078125 0.765625
vt 0.435546875 0.765625
vt 0.50390625 0.624942578125
vt 0.490176953125 0.638671875
vt 0.48046875 0.615234375
vt 0.470760546875 0.640625
vt 0.490176953125 0.640625
vt 0.48046875 0.6640625
vt 0.4140625 0.435546875
vt 0.43359375 0.435546875
vt 0.43359375 0.599609375
vt 0.4140625 0.599609375
vt 0.490176953125 0.638671875
vt 0.470760546875 0.638671875
vt 0.48046875 0.615234375
vt 0.45703125 0.654354296875
vt 0.470760546875 0.640625
vt 0.48046875 0.6640625
vt 0 0.39453125
vt 0.01953125 0.39453125
vt 0.01953125 0.55859375
vt 0 0.55859375
vt 0.470760546875 0.638671875
vt 0.45703125 0.624942578125
vt 0.48046875 0.615234375
vt 0.45703125 0.673770703125
vt 0.45703125 0.654354296875
vt 0.48046875 0.6640625
vt 0.392578125 0.435546875
vt 0.412109375 0.435546875
vt 0.412109375 0.599609375
vt 0.392578125 0.599609375
vt 0.45703125 0.624942578125
vt 0.45703125 0.605526171875
vt 0.48046875 0.615234375
vt 0.470760546875 0.6875
vt 0.45703125 0.673770703125
vt 0.48046875 0.6640625
vt 0.44140625 0.8359375
vt 0.4609375 0.8359375
vt 0.4609375 1
vt 0.44140625 1
vt 0.45703125 0.605526171875
vt 0.470760546875 0.591796875
vt 0.48046875 0.615234375
vt 0.490176953125 0.6875
vt 0.470760546875 0.6875
vt 0.48046875 0.6640625
vt 0.4140625 0.6015625
vt 0.43359375 0.6015625
vt 0.43359375 0.765625
vt 0.4140625 0.765625
vt 0.470760546875 0.591796875
vt 0.490176953125 0.591796875
vt 0.48046875 0.615234375
vt 0.7265625 0.7525658203125
vt 0.7174095703125 0.76171875
vt 0.7109375 0.74609375
vt 0.248046875 0.3046875
vt 0.26171875 0.3046875
vt 0.26171875 0.43359375
vt 0.248046875 0.43359375
vt 0.7174095703125 0.697265625
vt 0.7265625 0.7064185546874999
vt 0.7109375 0.712890625
vt 0.7265625 0.7396216796874999
vt 0.7265625 0.7525658203125
vt 0.7109375 0.74609375
vt 0.552734375 0.478515625
vt 0.56640625 0.478515625
vt 0.56640625 0.607421875
vt 0.552734375 0.607421875
vt 0.7265625 0.7064185546874999
vt 0.7265625 0.7193626953125001
vt 0.7109375 0.712890625
vt 0.7174095703125 0.73046875
vt 0.7265625 0.7396216796874999
vt 0.7109375 0.74609375
vt 0.263671875 0.3046875
vt 0.27734375 0.3046875
vt 0.27734375 0.43359375
vt 0.263671875 0.43359375
vt 0.7265625 0.7193626953125001
vt 0.7174095703125 0.728515625
vt 0.7109375 0.712890625
vt 0.7044654296875 0.73046875
vt 0.7174095703125 0.73046875
vt 0.7109375 0.74609375
vt 0.552734375 0.34765625
vt 0.56640625 0.34765625
vt 0.56640625 0.4765625
vt 0.552734375 0.4765625
vt 0.7174095703125 0.728515625
vt 0.7044654296875 0.728515625
vt 0.7109375 0.712890625
vt 0.6953125 0.7396216796874999
vt 0.7044654296875 0.73046875
vt 0.7109375 0.74609375
vt 0.279296875 0.3046875
vt 0.29296875 0.3046875
vt 0.29296875 0.43359375
vt 0.279296875 0.43359375
vt 0.7044654296875 0.728515625
vt 0.6953125 0.7193626953125001
vt 0.7109375 0.712890625
vt 0.6953125 0.7525658203125
vt 0.6953125 0.7396216796874999
vt 0.7109375 0.74609375
vt 0.55859375 0.87109375
vt 0.572265625 0.87109375
vt 0.572265625 1
vt 0.55859375 1
vt 0.6953125 0.7193626953125001
vt 0.6953125 0.7064185546874999
vt 0.7109375 0.712890625
vt 0.7044654296875 0.76171875
vt 0.6953125 0.7525658203125
vt 0.7109375 0.74609375
vt 0.232421875 0.3046875
vt 0.24609375 0.3046875
vt 0.24609375 0.43359375
vt 0.232421875 0.43359375
vt 0.6953125 0.7064185546874999
vt 0.7044654296875 0.697265625
vt 0.7109375 0.712890625
vt 0.7174095703125 0.76171875
vt 0.7044654296875 0.76171875
vt 0.7109375 0.74609375
vt 0.216796875 0.3046875
vt 0.23046875 0.3046875
vt 0.23046875 0.43359375
vt 0.216796875 0.43359375
vt 0.7044654296875 0.697265625
vt 0.7174095703125 0.697265625
vt 0.7109375 0.712890625
vt 0.70703125 0.30139394531249997
vt 0.6978783203125 0.310546875
vt 0.69140625 0.294921875
vt 0.47265625 0.326171875
vt 0.486328125 0.326171875
vt 0.486328125 0.455078125
vt 0.47265625 0.455078125
vt 0.7154564453125 0.763671875
vt 0.724609375 0.7728248046875
vt 0.708984375 0.779296875
vt 0.70703125 0.28844980468750003
vt 0.70703125 0.30139394531249997
vt 0.69140625 0.294921875
vt 0.537109375 0.478515625
vt 0.55078125 0.478515625
vt 0.55078125 0.607421875
vt 0.537109375 0.607421875
vt 0.724609375 0.7728248046875
vt 0.724609375 0.7857689453125
vt 0.708984375 0.779296875
vt 0.6978783203125 0.279296875
vt 0.70703125 0.28844980468750003
vt 0.69140625 0.294921875
vt 0.552734375 0.740234375
vt 0.56640625 0.740234375
vt 0.56640625 0.869140625
vt 0.552734375 0.869140625
vt 0.724609375 0.7857689453125
vt 0.7154564453125 0.794921875
vt 0.708984375 0.779296875
vt 0.6849341796875 0.279296875
vt 0.6978783203125 0.279296875
vt 0.69140625 0.294921875
vt 0.537109375 0.34765625
vt 0.55078125 0.34765625
vt 0.55078125 0.4765625
vt 0.537109375 0.4765625
vt 0.7154564453125 0.794921875
vt 0.7025123046875 0.794921875
vt 0.708984375 0.779296875
vt 0.67578125 0.28844980468750003
vt 0.6849341796875 0.279296875
vt 0.69140625 0.294921875
vt 0.552734375 0.609375
vt 0.56640625 0.609375
vt 0.56640625 0.73828125
vt 0.552734375 0.73828125
vt 0.7025123046875 0.794921875
vt 0.693359375 0.7857689453125
vt 0.708984375 0.779296875
vt 0.67578125 0.30139394531249997
vt 0.67578125 0.28844980468750003
vt 0.69140625 0.294921875
vt 0.490234375 0.330078125
vt 0.50390625 0.330078125
vt 0.50390625 0.458984375
vt 0.490234375 0.458984375
vt 0.693359375 0.7857689453125
vt 0.693359375 0.7728248046875
vt 0.708984375 0.779296875
vt 0.6849341796875 0.310546875
vt 0.67578125 0.30139394531249997
vt 0.69140625 0.294921875
vt 0.45703125 0.326171875
vt 0.470703125 0.326171875
vt 0.470703125 0.455078125
vt 0.45703125 0.455078125
vt 0.693359375 0.7728248046875
vt 0.7025123046875 0.763671875
vt 0.708984375 0.779296875
vt 0.6978783203125 0.310546875
vt 0.6849341796875 0.310546875
vt 0.69140625 0.294921875
vt 0.54296875 0.87109375
vt 0.556640625 0.87109375
vt 0.556640625 1
vt 0.54296875 1
vt 0.7025123046875 0.763671875
vt 0.7154564453125 0.763671875
vt 0.708984375 0.779296875
vt 0.7109375 0.8521751953125
vt 0.7017845703125 0.861328125
vt 0.6953125 0.845703125
vt 0.52734375 0.87109375
vt 0.541015625 0.87109375
vt 0.541015625 1
vt 0.52734375 1
vt 0.7017845703125 0.796875
vt 0.7109375 0.8060279296875
vt 0.6953125 0.8125
vt 0.7109375 0.8392310546875
vt 0.7109375 0.8521751953125
vt 0.6953125 0.845703125
vt 0.521484375 0.740234375
vt 0.53515625 0.740234375
vt 0.53515625 0.869140625
vt 0.521484375 0.869140625
vt 0.7109375 0.8060279296875
vt 0.7109375 0.8189720703125
vt 0.6953125 0.8125
vt 0.7017845703125 0.830078125
vt 0.7109375 0.8392310546875
vt 0.6953125 0.845703125
vt 0.537109375 0.740234375
vt 0.55078125 0.740234375
vt 0.55078125 0.869140625
vt 0.537109375 0.869140625
vt 0.7109375 0.8189720703125
vt 0.7017845703125 0.828125
vt 0.6953125 0.8125
vt 0.6888404296875 0.830078125
vt 0.7017845703125 0.830078125
vt 0.6953125 0.845703125
vt 0.521484375 0.609375
vt 0.53515625 0.609375
vt 0.53515625 0.73828125
vt 0.521484375 0.73828125
vt 0.7017845703125 0.828125
vt 0.6888404296875 0.828125
vt 0.6953125 0.8125
vt 0.6796875 0.8392310546875
vt 0.6888404296875 0.830078125
vt 0.6953125 0.845703125
vt 0.537109375 0.609375
vt 0.55078125 0.609375
vt 0.55078125 0.73828125
vt 0.537109375 0.73828125
vt 0.6888404296875 0.828125
vt 0.6796875 0.8189720703125
vt 0.6953125 0.8125
vt 0.6796875 0.8521751953125
vt 0.6796875 0.8392310546875
vt 0.6953125 0.845703125
vt 0.521484375 0.478515625
vt 0.53515625 0.478515625
vt 0.53515625 0.607421875
vt 0.521484375 0.607421875
vt 0.6796875 0.8189720703125
vt 0.6796875 0.8060279296875
vt 0.6953125 0.8125
vt 0.6888404296875 0.861328125
vt 0.6796875 0.8521751953125
vt 0.6953125 0.845703125
vt 0.521484375 0.34765625
vt 0.53515625 0.34765625
vt 0.53515625 0.4765625
vt 0.521484375 0.4765625
vt 0.6796875 0.8060279296875
vt 0.6888404296875 0.796875
vt 0.6953125 0.8125
vt 0.7017845703125 0.861328125
vt 0.6888404296875 0.861328125
vt 0.6953125 0.845703125
vt 0.505859375 0.34765625
vt 0.51953125 0.34765625
vt 0.51953125 0.4765625
vt 0.505859375 0.4765625
vt 0.6888404296875 0.796875
vt 0.7017845703125 0.796875
vt 0.6953125 0.8125
vt 0.70703125 0.33459707031249997
vt 0.6978783203125 0.34375
vt 0.69140625 0.328125
vt 0.505859375 0.609375
vt 0.51953125 0.609375
vt 0.51953125 0.73828125
vt 0.505859375 0.73828125
vt 0.7017845703125 0.86328125
vt 0.7109375 0.8724341796875
vt 0.6953125 0.87890625
vt 0.70703125 0.32165292968750003
vt 0.70703125 0.33459707031249997
vt 0.69140625 0.328125
vt 0.162109375 0.380859375
vt 0.17578125 0.380859375
vt 0.17578125 0.509765625
vt 0.162109375 0.509765625
vt 0.7109375 0.8724341796875
vt 0.7109375 0.8853783203125
vt 0.6953125 0.87890625
vt 0.6978783203125 0.3125
vt 0.70703125 0.32165292968750003
vt 0.69140625 0.328125
vt 0.505859375 0.478515625
vt 0.51953125 0.478515625
vt 0.51953125 0.607421875
vt 0.505859375 0.607421875
vt 0.7109375 0.8853783203125
vt 0.7017845703125 0.89453125
vt 0.6953125 0.87890625
vt 0.6849341796875 0.3125
vt 0.6978783203125 0.3125
vt 0.69140625 0.328125
vt 0.177734375 0.380859375
vt 0.19140625 0.380859375
vt 0.19140625 0.509765625
vt 0.177734375 0.509765625
vt 0.7017845703125 0.89453125
vt 0.6888404296875 0.89453125
vt 0.6953125 0.87890625
vt 0.67578125 0.32165292968750003
vt 0.6849341796875 0.3125
vt 0.69140625 0.328125
vt 0.51171875 0.87109375
vt 0.525390625 0.87109375
vt 0.525390625 1
vt 0.51171875 1
vt 0.6888404296875 0.89453125
vt 0.6796875 0.8853783203125
vt 0.6953125 0.87890625
vt 0.67578125 0.33459707031249997
vt 0.67578125 0.32165292968750003
vt 0.69140625 0.328125
vt 0.490234375 0.4609375
vt 0.50390625 0.4609375
vt 0.50390625 0.58984375
vt 0.490234375 0.58984375
vt 0.6796875 0.8853783203125
vt 0.6796875 0.8724341796875
vt 0.6953125 0.87890625
vt 0.6849341796875 0.34375
vt 0.67578125 0.33459707031249997
vt 0.69140625 0.328125
vt 0.505859375 0.740234375
vt 0.51953125 0.740234375
vt 0.51953125 0.869140625
vt 0.505859375 0.869140625
vt 0.6796875 0.8724341796875
vt 0.6888404296875 0.86328125
vt 0.6953125 0.87890625
vt 0.6978783203125 0.34375
vt 0.6849341796875 0.34375
vt 0.69140625 0.328125
vt 0.49609375 0.87109375
vt 0.509765625 0.87109375
vt 0.509765625 1
vt 0.49609375 1
vt 0.6888404296875 0.86328125
vt 0.7017845703125 0.86328125
vt 0.6953125 0.87890625
vt 0.693359375 0.767578125
vt 0.662109375 0.767578125
vt 0.662109375 0.720703125
vt 0.693359375 0.720703125
vt 0.693359375 0.671875
vt 0.693359375 0.71875
vt 0.662109375 0.71875
vt 0.662109375 0.671875
vt 0.220703125 0.87109375
vt 0.439453125 0.87109375
vt 0.439453125 0.90234375
vt 0.220703125 0.90234375
vt 0.439453125 0.837890625
vt 0.439453125 0.869140625
vt 0.220703125 0.869140625
vt 0.220703125 0.837890625
vt 0.439453125 0.953125
vt 0.439453125 1
vt 0.220703125 1
vt 0.220703125 0.953125
vt 0.439453125 0.951171875
vt 0.220703125 0.951171875
vt 0.220703125 0.904296875
vt 0.439453125 0.904296875
vt 0.806640625 0.984375
vt 0.822265625 0.984375
vt 0.822265625 1
vt 0.806640625 1
vt 0.40625 0.271484375
vt 0.40625 0.302734375
vt 0.375 0.302734375
vt 0.375 0.271484375
vt 0.69140625 1
vt 0.67578125 1
vt 0.66796875 0.9825306640625
vt 0.69921875 0.9825306640625
vt 0.486328125 0.87109375
vt 0.470703125 0.87109375
vt 0.462890625 0.8536244140625
vt 0.494140625 0.8536244140625
vt 0.69140625 0.9296875
vt 0.67578125 0.9296875
vt 0.66796875 0.9122181640625
vt 0.69921875 0.9122181640625
vt 0.69140625 0.96484375
vt 0.67578125 0.96484375
vt 0.66796875 0.9473744140625
vt 0.69921875 0.9473744140625
vt 0.083984375 0.55859375
vt 0.021484375 0.55859375
vt 0.021484375 0.51171875
vt 0.083984375 0.51171875
vt 0.1484375 0.51171875
vt 0.1484375 0.55859375
vt 0.0859375 0.55859375
vt 0.0859375 0.51171875
vt 0.462890625 0.9375
vt 0.494140625 0.9375
vt 0.494140625 1
vt 0.462890625 1
vt 0.494140625 0.873046875
vt 0.494140625 0.935546875
vt 0.462890625 0.935546875
vt 0.462890625 0.873046875
vt 0.693359375 0.623046875
vt 0.693359375 0.669921875
vt 0.662109375 0.669921875
vt 0.662109375 0.623046875
vt 0.693359375 0.62109375
vt 0.662109375 0.62109375
vt 0.662109375 0.57421875
vt 0.693359375 0.57421875
vt 0.693359375 0.572265625
vt 0.662109375 0.572265625
vt 0.662109375 0.525390625
vt 0.693359375 0.525390625
vt 0.693359375 0.4765625
vt 0.693359375 0.5234375
vt 0.662109375 0.5234375
vt 0.662109375 0.4765625
vt 0.408203125 0.271484375
vt 0.439453125 0.271484375
vt 0.439453125 0.302734375
vt 0.408203125 0.302734375
vt 0.732421875 0.96875
vt 0.732421875 1
vt 0.701171875 1
vt 0.701171875 0.96875
vt 0.693359375 0.427734375
vt 0.693359375 0.474609375
vt 0.662109375 0.474609375
vt 0.662109375 0.427734375
vt 0.693359375 0.42578125
vt 0.662109375 0.42578125
vt 0.662109375 0.37890625
vt 0.693359375 0.37890625
vt 0.462890625 0.8379994140625
vt 0.494140625 0.8379994140625
vt 0.494140625 0.8536244140625
vt 0.462890625 0.8536244140625
vt 0.66796875 0.9669056640625
vt 0.69921875 0.9669056640625
vt 0.69921875 0.9825306640625
vt 0.66796875 0.9825306640625
vt 0.66796875 0.9317494140625
vt 0.69921875 0.9317494140625
vt 0.69921875 0.9473744140625
vt 0.66796875 0.9473744140625
vt 0.66796875 0.8965931640625
vt 0.69921875 0.8965931640625
vt 0.69921875 0.9122181640625
vt 0.66796875 0.9122181640625
vn 1 0 0
vn -1 0 0
vn 0 1 0
vn 0 -1 0
vn 0 0 1
vn 0 0 -1
vn 1 0 0
vn -1 0 0
vn 0 2.0898315757650005e-16 1
vn 0 -2.0898315757650005e-16 -1
vn 0 -1 0
vn 0 1 0
vn 1 0 0
vn -1 0 0
vn 0 -8.881784197001252e-16 1
vn 0 8.881784197001252e-16 -1
vn 0 -1 0
vn 0 1 0
vn 1 0 0
vn -1 0 0
vn 0 -5.921189464667499e-16 1
vn 0 5.921189464667499e-16 -1
vn 0 -1 1.7763568394002505e-15
vn 0 1 -1.7763568394002505e-15
vn 1 0 0
vn -1 0 0
vn 0 -5.921189464667501e-16 1
vn 0 5.921189464667501e-16 -1
vn 0 -1 0
vn 0 1 0
vn 1 0 0
vn -1 0 0
vn 0 -5.921189464667501e-16 1
vn 0 5.921189464667501e-16 -1
vn 0 -1 0
vn 0 1 0
vn 1 0 0
vn -1 0 0
vn 0 -8.881784197001252e-16 1
vn 0 8.881784197001252e-16 -1
vn 0 -1 0
vn 0 1 0
vn 1 0 0
vn -1 0 0
vn 0 0 1
vn 0 0 -1
vn 0 -1 0
vn 0 1 0
vn 1 0 0
vn -1 0 0
vn 0 0 1
vn 0 0 -1
vn 0 -1 0
vn 0 1 0
vn 1 0 0
vn -1 0 0
vn 0 0 1
vn 0 0 -1
vn 0 -1 0
vn 0 1 0
vn 1 0 0
vn -1 0 0
vn 0 0 1
vn 0 0 -1
vn 0 -1 0
vn 0 1 0
vn 1 0 0
vn -1 0 0
vn 0 0 1
vn 0 0 -1
vn 0 -1 0
vn 0 1 0
vn 1 0 0
vn -1 0 0
vn 0 0 1
vn 0 0 -1
vn 0 -1 0
vn 0 1 0
vn 1 0 0
vn -1 0 0
vn 0 0 1
vn 0 0 -1
vn 0 -1 0
vn 0 1 0
vn 1 0 0
vn -1 0 0
vn 0 0 1
vn 0 0 -1
vn 0 -1 0
vn 0 1 0
vn 1 0 0
vn -1 0 0
vn 0 0 1
vn 0 0 -1
vn 0 -1 0
vn 0 1 0
vn 1 0 0
vn -1 0 0
vn 0 0 1
vn 0 0 -1
vn 0 -1 0
vn 0 1 0
vn 1 0 0
vn -1 0 0
vn 0 0 1
vn 0 0 -1
vn 0 -1 0
vn 0 1 0
vn 1 0 0
vn -1 0 0
vn 0 0 1
vn 0 0 -1
vn 0 -1 0
vn 0 1 0
vn 1 0 0
vn -1 0 0
vn 0 -8.881784197001252e-16 1
vn 0 8.881784197001252e-16 -1
vn 0 -1 -8.881784197001252e-16
vn 0 1 8.881784197001252e-16
vn 1 0 0
vn -1 0 0
vn 0 4.1796631515300005e-16 1
vn 0 -4.179663151530001e-16 -1
vn 0 -1 -8.881784197001252e-16
vn 0 1 0
vn 1 0 0
vn -1 0 0
vn 0 8.881784197001252e-16 1
vn 0 0 -1
vn 0 -1 0
vn 0 1 0
vn 1 0 0
vn -1 0 0
vn 0 2.9605947323337506e-16 1
vn 0 -5.921189464667501e-16 -1
vn 0 -1 0
vn 0 1 0
vn 1 0 0
vn -1 0 0
vn 0 4.440892098500626e-16 1
vn 0 -8.881784197001252e-16 -1
vn 0 -1 0
vn 0 1 0
vn 1 0 0
vn -1 0 0
vn 0 4.440892098500626e-16 1
vn 0 -8.881784197001252e-16 -1
vn 0 -1 0
vn 0 1 0
vn 1 0 0
vn -1 0 0
vn 0 0 1
vn 0 0 -1
vn 0 -1 0
vn 0 1 0
vn 1 0 0
vn -1 0 0
vn 0 0 1
vn 0 0 -1
vn 0 -1 0
vn 0 1 0
vn 1 0 0
vn -1 0 0
vn 0 0 1
vn 0 0 -1
vn 0 -1 0
vn 0 1 0
vn 1 0 0
vn -1 0 0
vn 0 0 1
vn 0 0 -1
vn 0 -1 0
vn 0 1 0
vn 1 0 0
vn -1 0 0
vn 0 0 1
vn 0 0 -1
vn 0 -1 0
vn 0 1 0
vn 1 0 0
vn -1 0 0
vn 0 0 1
vn 0 0 -1
vn 0 -1 0
vn 0 1 0
vn 1 0 0
vn -1 0 0
vn 0 0 1
vn 0 -4.440892098500626e-16 -1
vn 0 -1 0
vn 0 1 0
vn 1 0 0
vn -1 0 0
vn 0 0 1
vn 0 0 -1
vn 0 -1 0
vn 0 1 0
vn 1 0 0
vn -1 0 0
vn 0 0 1
vn 0 0 -1
vn 0 -1 0
vn 0 1 0
vn 1 0 0
vn -1 0 0
vn 0 5.921189464667501e-16 1
vn 0 -1.1842378929335002e-15 -1
vn 0 -1 0
vn 0 1 0
vn 1 0 0
vn -1 0 0
vn 0 0 1
vn 0 -5.921189464667501e-16 -1
vn 0 -1 0
vn 0 1 0
vn 1 0 0
vn -1 0 0
vn 0 0 1
vn 0 0 -1
vn 0 -1 0
vn 0 1 0
vn 1 0 0
vn -1 0 0
vn 0 2.9605947323337506e-16 1
vn 0 -5.921189464667501e-16 -1
vn 0 -1 0
vn 0 1 0
vn 1 0 0
vn -1 0 0
vn 0 5.921189464667501e-16 1
vn 0 -1.1842378929335002e-15 -1
vn 0 -1 0
vn 0 1 0
vn 1 0 0
vn -1 0 0
vn 0 0 1
vn 0 -5.921189464667501e-16 -1
vn 0 -1 0
vn 0 1 0
vn 1 0 0
vn -1 0 0
vn 0 0 1
vn 0 0 -1
vn 0 -1 0
vn 0 1 0
vn 1 0 0
vn -1 0 0
vn 0 2.9605947323337506e-16 1
vn 0 -5.921189464667501e-16 -1
vn 0 -1 0
vn 0 1 0
vn 1 0 0
vn -1 0 0
vn 0 5.921189464667501e-16 1
vn 0 -1.1842378929335002e-15 -1
vn 0 -1 0
vn 0 1 0
vn 1 0 0
vn -1 0 0
vn 0 0 1
vn 0 -5.921189464667501e-16 -1
vn 0 -1 0
vn 0 1 0
vn 1 0 0
vn -1 0 0
vn 0 0 1
vn 0 0 -1
vn 0 -1 0
vn 0 1 0
vn 1 0 0
vn -1 0 0
vn 0 1 0
vn 0 -1 0
vn 0 0 1
vn 0 0 -1
vn 1 0 0
vn -1 0 0
vn 0 1 0
vn 0 -1 0
vn 0 0 1
vn 0 0 -1
vn 1 0 0
vn -1 0 0
vn 0 1 0
vn 0 -1 0
vn 0 0 1
vn 0 0 -1
vn 1 0 0
vn -1 0 0
vn 0 1 0
vn 0 -1 0
vn 0 0 1
vn 0 0 -1
vn 1 0 0
vn -1 0 0
vn 0 1 0
vn 0 -1 0
vn 0 0 1
vn 0 0 -1
vn 1 0 0
vn -1 0 0
vn 0 1 0
vn 0 -1 0
vn 0 0 1
vn 0 0 -1
vn 1 0 0
vn -1 0 0
vn 0 1 0
vn 0 -1 0
vn 0 0 1
vn 0 0 -1
vn 1 0 0
vn -1 0 0
vn 0 1 0
vn 0 -1 0
vn 0 0 1
vn 0 0 -1
vn 1 0 0
vn -1 0 0
vn 0 1 0
vn 0 -1 0
vn 0 0 1
vn 0 0 -1
vn 1 0 0
vn -1 0 0
vn 0 1 0
vn 0 -1 0
vn 0 0 1
vn 0 0 -1
vn 1 0 0
vn -1 0 0
vn 0 1 0
vn 0 -1 0
vn 0 0 1
vn 0 0 -1
vn 1 0 0
vn -1 0 0
vn 0 1 0
vn 0 -1 0
vn 0 0 1
vn 0 0 -1
vn 1 0 0
vn -1 0 0
vn 0 1 0
vn 0 -1 0
vn 0 0 1
vn 0 0 -1
vn 1 0 0
vn -1 0 0
vn 0 1 0
vn 0 -1 0
vn 0 0 1
vn 0 0 -1
vn 1 0 0
vn -1 0 0
vn 0 1 0
vn 0 -1 0
vn 0 0 1
vn 0 0 -1
vn 1 0 0
vn -1 0 0
vn 0 1 0
vn 0 -1 0
vn 0 0 1
vn 0 0 -1
vn 1 0 0
vn -1 0 0
vn 0 1 0
vn 0 -1 0
vn 0 0 1
vn 0 0 -1
vn 1 0 0
vn -1 0 0
vn 0 1 0
vn 0 -1 0
vn 0 0 1
vn 0 0 -1
vn 1 0 0
vn -1 0 0
vn 0 1 0
vn 0 -1 0
vn 0 0 1
vn 0 0 -1
vn 1 0 0
vn -1 0 0
vn 0 1 0
vn 0 -1 0
vn 0 0 1
vn 0 0 -1
vn 1 0 0
vn -1 0 0
vn 0 1 0
vn 0 -1 0
vn 0 0 1
vn 0 0 -1
vn 1 0 0
vn -1 0 0
vn 0 1 0
vn 0 -1 0
vn 0 0 1
vn 0 0 -1
vn 1 0 0
vn -1 0 0
vn 0 1 0
vn 0 -1 0
vn 0 0 1
vn 0 0 -1
vn 1 0 0
vn -1 0 0
vn 0 1 0
vn 0 -1 0
vn 0 0 1
vn 0 0 -1
vn 1 0 0
vn -1 0 0
vn 0 1 0
vn 0 -1 0
vn 0 0 1
vn 0 0 -1
vn 1 0 0
vn -1 0 0
vn 0 1 0
vn 0 -1 0
vn 0 0 1
vn 0 0 -1
vn 1 0 0
vn -1 0 0
vn 0 1 0
vn 0 -1 0
vn 0 0 1
vn 0 0 -1
vn 1 0 0
vn -1 0 0
vn 0 1 0
vn 0 -1 0
vn 0 0 1
vn 0 0 -1
vn 1 0 0
vn -1 0 0
vn 0 1 0
vn 0 -1 0
vn 0 0 1
vn 0 0 -1
vn 1 0 0
vn -1 0 0
vn 0 1 0
vn 0 -1 0
vn 0 0 1
vn 0 0 -1
vn 1 0 0
vn -1 0 0
vn 0 1 0
vn 0 -1 0
vn 0 0 1
vn 0 0 -1
vn 1 0 0
vn -1 0 0
vn 0 1 0
vn 0 -1 0
vn 0 0 1
vn 0 0 -1
vn 1 0 0
vn -1 0 0
vn 0 1 0
vn 0 -1 0
vn 0 0 1
vn 0 0 -1
vn 1 0 0
vn -1 0 0
vn 0 1 0
vn 0 -1 0
vn 0 0 1
vn 0 0 -1
vn 1 0 0
vn -1 0 0
vn 0 1 0
vn 0 -1 0
vn 0 0 1
vn 0 0 -1
vn 1 0 0
vn -1 0 0
vn 0 1 0
vn 0 -1 0
vn 0 0 1
vn 0 0 -1
vn 1 0 0
vn -1 0 0
vn 0 1 0
vn 0 -1 0
vn 0 0 1
vn 0 0 -1
vn 1 0 0
vn -1 0 0
vn 0 1 0
vn 0 -1 0
vn 0 0 1
vn 0 0 -1
vn 1 0 0
vn -1 0 0
vn 0 1 0
vn 0 -1 0
vn 0 0 1
vn 0 0 -1
vn 1 0 0
vn -1 0 0
vn 0 1 0
vn 0 -1 0
vn 0 0 1
vn 0 0 -1
vn 1 0 0
vn -1 0 0
vn 0 1 0
vn 0 -1 0
vn 0 0 1
vn 0 0 -1
vn 1 0 0
vn -1 0 0
vn 0 1 0
vn 0 -1 0
vn 0 0 1
vn 0 0 -1
vn 1 0 0
vn -1 0 0
vn 0 1 0
vn 0 -1 0
vn 0 0 1
vn 0 0 -1
vn 1 0 0
vn -1 0 0
vn 0 1 0
vn 0 -1 0
vn 0 0 1
vn 0 0 -1
vn 0 -1 0
vn 0.7071067811865476 0 0.7071067811865476
vn 0 1 0
vn 0 -1 0
vn 1 0 0
vn 0 1 0
vn 0 -1 0
vn 0.7071067811865476 0 -0.7071067811865476
vn 0 1 0
vn 0 -1 0
vn 0 0 -1
vn 0 1 0
vn 0 -1 0
vn -0.707106781186547 0 -0.7071067811865481
vn 0 1 0
vn 0 -1 0
vn -1 0 0
vn 0 1 0
vn 0 -1 0
vn -0.7071067811865476 0 0.7071067811865476
vn 0 1 0
vn 0 -1 0
vn -5.360630966617859e-16 0 1
vn 0 1 0
vn 0 -1 0
vn 0.7071067811865476 0 0.7071067811865476
vn 0 1 0
vn 0 -1 0
vn 1 0 0
vn 0 1 0
vn 0 -1 0
vn 0.7071067811865476 0 -0.7071067811865476
vn 0 1 0
vn 0 -1 0
vn 0 0 -1
vn 0 1 0
vn 0 -1 0
vn -0.707106781186547 0 -0.7071067811865481
vn 0 1 0
vn 0 -1 0
vn -1 0 0
vn 0 1 0
vn 0 -1 0
vn -0.7071067811865476 0 0.7071067811865476
vn 0 1 0
vn 0 -1 0
vn 0 0 1
vn 0 1 0
vn 0 -1 0
vn 0.7071067811865476 0 0.7071067811865476
vn 0 1 0
vn 0 -1 0
vn 1 0 0
vn 0 1 0
vn 0 -1 0
vn 0.7071067811865476 0 -0.7071067811865476
vn 0 1 0
vn 0 -1 0
vn 0 0 -1
vn 0 1 0
vn 0 -1 0
vn -0.707106781186547 0 -0.7071067811865481
vn 0 1 0
vn 0 -1 0
vn -1 0 0
vn 0 1 0
vn 0 -1 0
vn -0.7071067811865476 0 0.7071067811865476
vn 0 1 0
vn 0 -1 0
vn 0 0 1
vn 0 1 0
vn 0 -1 0
vn 0.707106781186547 0 0.7071067811865481
vn 0 1 0
vn 0 -1 0
vn 1 0 0
vn 0 1 0
vn 0 -1 0
vn 0.707106781186547 0 -0.7071067811865481
vn 0 1 0
vn 0 -1 0
vn 0 0 -1
vn 0 1 0
vn 0 -1 0
vn -0.707106781186547 0 -0.7071067811865481
vn 0 1 0
vn 0 -1 0
vn -1 0 0
vn 0 1 0
vn 0 -1 0
vn -0.7071067811865476 0 0.7071067811865476
vn 0 1 0
vn 0 -1 0
vn 0 0 1
vn 0 1 0
vn 0 -1 0
vn 0.7071067811865476 0 0.7071067811865476
vn 0 1 0
vn 0 -1 0
vn 1 0 0
vn 0 1 0
vn 0 -1 0
vn 0.7071067811865476 0 -0.7071067811865476
vn 0 1 0
vn 0 -1 0
vn 0 0 -1
vn 0 1 0
vn 0 -1 0
vn -0.7071067811865476 0 -0.7071067811865476
vn 0 1 0
vn 0 -1 0
vn -1 0 0
vn 0 1 0
vn 0 -1 0
vn -0.7071067811865476 0 0.7071067811865476
vn 0 1 0
vn 0 -1 0
vn 0 0 1
vn 0 1 0
vn 0 -1 0
vn 0.7071067811865481 0 0.707106781186547
vn 0 1 0
vn 0 -1 0
vn 1 0 0
vn 0 1 0
vn 0 -1 0
vn 0.7071067811865481 0 -0.707106781186547
vn 0 1 0
vn 0 -1 0
vn 0 0 -1
vn 0 1 0
vn 0 -1 0
vn -0.7071067811865476 0 -0.7071067811865476
vn 0 1 0
vn 0 -1 0
vn -1 0 0
vn 0 1 0
vn 0 -1 0
vn -0.7071067811865476 0 0.7071067811865476
vn 0 1 0
vn 0 -1 0
vn 0 0 1
vn 0 1 0
vn 0 -1 0
vn 0.7071067811865481 0 0.707106781186547
vn 0 1 0
vn 0 -1 0
vn 1 0 0
vn 0 1 0
vn 0 -1 0
vn 0.7071067811865481 0 -0.707106781186547
vn 0 1 0
vn 0 -1 0
vn 0 0 -1
vn 0 1 0
vn 0 -1 0
vn -0.7071067811865476 0 -0.7071067811865476
vn 0 1 0
vn 0 -1 0
vn -1 0 0
vn 0 1 0
vn 0 -1 0
vn -0.7071067811865476 0 0.7071067811865476
vn 0 1 0
vn 0 -1 0
vn 0 0 1
vn 0 1 0
vn 0 -1 0
vn 0.7071067811865481 0 0.707106781186547
vn 0 1 0
vn 0 -1 0
vn 1 0 0
vn 0 1 0
vn 0 -1 0
vn 0.7071067811865481 0 -0.707106781186547
vn 0 1 0
vn 0 -1 0
vn 0 0 -1
vn 0 1 0
vn 0 -1 0
vn -0.7071067811865476 0 -0.7071067811865476
vn 0 1 0
vn 0 -1 0
vn -1 0 0
vn 0 1 0
vn 0 -1 0
vn -0.7071067811865476 0 0.7071067811865476
vn 0 1 0
vn 0 -1 0
vn -5.360630966617853e-16 0 1
vn 0 1 0
vn 0 0 1
vn 0.7071067811865478 0.7071067811865474 1.455181260399261e-16
vn 0 0 -1
vn 0 0 1
vn 1 0 0
vn 0 0 -1
vn 0 0 1
vn 0.7071067811865477 -0.7071067811865474 -1.5407801580698057e-16
vn 0 0 -1
vn 0 0 1
vn 1.7868769888726204e-16 -1 -2.1273734603595821e-16
vn 0 0 -1
vn 0 0 1
vn -0.7071067811865474 -0.7071067811865477 -1.5407801580698064e-16
vn 0 0 -1
vn 0 0 1
vn -1 0 0
vn 0 0 -1
vn 0 0 1
vn -0.7071067811865478 0.7071067811865474 1.5407801580698071e-16
vn 0 0 -1
vn 0 0 1
vn -3.5737539777452383e-16 1 1.7018987682876657e-16
vn 0 0 -1
vn 0 0 1
vn 0.7071067811865476 0.7071067811865476 1.198384567387627e-16
vn 0 0 -1
vn 0 0 1
vn 1 0 0
vn 0 0 -1
vn 0 0 1
vn 0.7071067811865476 -0.7071067811865476 -1.198384567387627e-16
vn 0 0 -1
vn 0 0 1
vn 7.147507955490482e-16 -1 -2.5528481524314986e-16
vn 0 0 -1
vn 0 0 1
vn -0.7071067811865476 -0.7071067811865476 -1.7975768510814406e-16
vn 0 0 -1
vn 0 0 1
vn -1 0 0
vn 0 0 -1
vn 0 0 1
vn -0.7071067811865476 0.7071067811865476 1.7975768510814426e-16
vn 0 0 -1
vn 0 0 1
vn -7.147507955490477e-16 1 1.7018987682876657e-16
vn 0 0 -1
vn 0 0 1
vn 0.7071067811865471 0.7071067811865479 1.1983845673876276e-16
vn 0 0 -1
vn 0 0 1
vn 1 0 0
vn 0 0 -1
vn 0 0 1
vn 0.7071067811865479 -0.7071067811865471 -2.396769134775252e-16
vn 0 0 -1
vn 0 0 1
vn 0 -1 -1.7018987682876657e-16
vn 0 0 -1
vn 0 0 1
vn -0.7071067811865471 -0.7071067811865479 -2.396769134775255e-16
vn 0 0 -1
vn 0 0 1
vn -1 0 0
vn 0 0 -1
vn 0 0 1
vn -0.7071067811865476 0.7071067811865476 1.1983845673876283e-16
vn 0 0 -1
vn 0 0 1
vn 0 1 3.4037975365753314e-16
vn 0 0 -1
vn 0 -1 0
vn 0.7071067811865476 0 0.7071067811865476
vn 0 1 0
vn 0 -1 0
vn 1 0 0
vn 0 1 0
vn 0 -1 0
vn 0.7071067811865476 0 -0.7071067811865476
vn 0 1 0
vn 0 -1 0
vn 0 0 -1
vn 0 1 0
vn 0 -1 0
vn -0.7071067811865472 0 -0.7071067811865478
vn 0 1 0
vn 0 -1 0
vn -1 0 -5.360630966617856e-16
vn 0 1 0
vn 0 -1 0
vn -0.7071067811865476 0 0.7071067811865476
vn 0 1 0
vn 0 -1 0
vn -5.360630966617859e-16 0 1
vn 0 1 0
vn 0 -1 0
vn 0.7071067811865476 0 0.7071067811865476
vn 0 1 0
vn 0 -1 0
vn 1 0 0
vn 0 1 0
vn 0 -1 0
vn 0.7071067811865476 0 -0.7071067811865476
vn 0 1 0
vn 0 -1 0
vn 0 0 -1
vn 0 1 0
vn 0 -1 0
vn -0.7071067811865472 0 -0.7071067811865478
vn 0 1 0
vn 0 -1 0
vn -1 0 -5.360630966617853e-16
vn 0 1 0
vn 0 -1 0
vn -0.7071067811865476 0 0.7071067811865476
vn 0 1 0
vn 0 -1 0
vn 0 0 1
vn 0 1 0
vn 0 -1 0
vn 0.7071067811865476 0 0.7071067811865476
vn 0 1 0
vn 0 -1 0
vn 1 0 0
vn 0 1 0
vn 0 -1 0
vn 0.7071067811865476 0 -0.7071067811865476
vn 0 1 0
vn 0 -1 0
vn 0 0 -1
vn 0 1 0
vn 0 -1 0
vn -0.7071067811865472 0 -0.7071067811865478
vn 0 1 0
vn 0 -1 0
vn -1 0 -5.360630966617853e-16
vn 0 1 0
vn 0 -1 0
vn -0.7071067811865476 0 0.7071067811865476
vn 0 1 0
vn 0 -1 0
vn 0 0 1
vn 0 1 0
vn 0 -1 0
vn 0.707106781186547 0 0.7071067811865481
vn 0 1 0
vn 0 -1 0
vn 1 0 0
vn 0 1 0
vn 0 -1 0
vn 0.707106781186547 0 -0.7071067811865481
vn 0 1 0
vn 0 -1 0
vn 0 0 -1
vn 0 1 0
vn 0 -1 0
vn -0.7071067811865472 0 -0.7071067811865478
vn 0 1 0
vn 0 -1 0
vn -1 0 -5.360630966617853e-16
vn 0 1 0
vn 0 -1 0
vn -0.7071067811865476 0 0.7071067811865476
vn 0 1 0
vn 0 -1 0
vn 0 0 1
vn 0 1 0
vn 1 0 0
vn -1 0 0
vn 0 1 0
vn 0 -1 0
vn 0 0 1
vn 0 0 -1
vn 0 1 0
vn 0 -1 0
vn 0 0.44721359549995804 0.8944271909999161
vn 0.8944271909999161 0.44721359549995804 0
vn 0 0.44721359549995804 -0.8944271909999161
vn -0.8944271909999161 0.44721359549995804 0
vn 1 0 0
vn -1 0 0
vn 0 1 0
vn 0 -1 0
vn 0 0 1
vn 0 0 -1
vn 1 0 0
vn -1 0 0
vn 0 1 0
vn 0 -1 0
vn 0 0 1
vn 0 0 -1
vn 1 0 0
vn 0 0 1
vn -1 0 0
vn 0 0 -1
usemtl m_25ca336a-ec0b-0577-b793-0cd95f770007
f 3/1/1 2/2/1 4/3/1 5/4/1
f 8/5/2 6/6/2 7/7/2 9/8/2
f 6/9/3 2/10/3 3/11/3 7/12/3
f 5/13/4 4/14/4 8/15/4 9/16/4
f 4/17/5 2/18/5 6/19/5 8/20/5
f 7/21/6 3/22/6 5/23/6 9/24/6
f 11/25/7 10/26/7 12/27/7 13/28/7
f 16/29/8 14/30/8 15/31/8 17/32/8
f 14/33/9 10/34/9 11/35/9 15/36/9
f 13/37/10 12/38/10 16/39/10 17/40/10
f 12/41/11 10/42/11 14/43/11 16/44/11
f 15/45/12 11/46/12 13/47/12 17/48/12
f 19/49/13 18/50/13 20/51/13 21/52/13
f 24/53/14 22/54/14 23/55/14 25/56/14
f 22/57/15 18/58/15 19/59/15 23/60/15
f 21/61/16 20/62/16 24/63/16 25/64/16
f 20/65/17 18/66/17 22/67/17 24/68/17
f 23/69/18 19/70/18 21/71/18 25/72/18
f 27/73/19 26/74/19 28/75/19 29/76/19
f 32/77/20 30/78/20 31/79/20 33/80/20
f 30/81/21 26/82/21 27/83/21 31/84/21
f 29/85/22 28/86/22 32/87/22 33/88/22
f 28/89/23 26/90/23 30/91/23 32/92/23
f 31/93/24 27/94/24 29/95/24 33/96/24
f 35/97/25 34/98/25 36/99/25 37/100/25
f 40/101/26 38/102/26 39/103/26 41/104/26
f 38/105/27 34/106/27 35/107/27 39/108/27
f 37/109/28 36/110/28 40/111/28 41/112/28
f 36/113/29 34/114/29 38/115/29 40/116/29
f 39/117/30 35/118/30 37/119/30 41/120/30
f 43/121/31 42/122/31 44/123/31 45/124/31
f 48/125/32 46/126/32 47/127/32 49/128/32
f 46/129/33 42/130/33 43/131/33 47/132/33
f 45/133/34 44/134/34 48/135/34 49/136/34
f 44/137/35 42/138/35 46/139/35 48/140/35
f 47/141/36 43/142/36 45/143/36 49/144/36
f 51/145/37 50/146/37 52/147/37 53/148/37
f 56/149/38 54/150/38 55/151/38 57/152/38
f 54/153/39 50/154/39 51/155/39 55/156/39
f 53/157/40 52/158/40 56/159/40 57/160/40
f 52/161/41 50/162/41 54/163/41 56/164/41
f 55/165/42 51/166/42 53/167/42 57/168/42
f 59/169/43 58/170/43 60/171/43 61/172/43
f 64/173/44 62/174/44 63/175/44 65/176/44
f 62/177/45 58/178/45 59/179/45 63/180/45
f 61/181/46 60/182/46 64/183/46 65/184/46
f 60/185/47 58/186/47 62/187/47 64/188/47
f 63/189/48 59/190/48 61/191/48 65/192/48
f 67/193/49 66/194/49 68/195/49 69/196/49
f 72/197/50 70/198/50 71/199/50 73/200/50
f 70/201/51 66/202/51 67/203/51 71/204/51
f 69/205/52 68/206/52 72/207/52 73/208/52
f 68/209/53 66/210/53 70/211/53 72/212/53
f 71/213/54 67/214/54 69/215/54 73/216/54
f 75/217/55 74/218/55 76/219/55 77/220/55
f 80/221/56 78/222/56 79/223/56 81/224/56
f 78/225/57 74/226/57 75/227/57 79/228/57
f 77/229/58 76/230/58 80/231/58 81/232/58
f 76/233/59 74/234/59 78/235/59 80/236/59
f 79/237/60 75/238/60 77/239/60 81/240/60
f 83/241/61 82/242/61 84/243/61 85/244/61
f 88/245/62 86/246/62 87/247/62 89/248/62
f 86/249/63 82/250/63 83/251/63 87/252/63
f 85/253/64 84/254/64 88/255/64 89/256/64
f 84/257/65 82/258/65 86/259/65 88/260/65
f 87/261/66 83/262/66 85/263/66 89/264/66
f 91/265/67 90/266/67 92/267/67 93/268/67
f 96/269/68 94/270/68 95/271/68 97/272/68
f 94/273/69 90/274/69 91/275/69 95/276/69
f 93/277/70 92/278/70 96/279/70 97/280/70
f 92/281/71 90/282/71 94/283/71 96/284/71
f 95/285/72 91/286/72 93/287/72 97/288/72
f 99/289/73 98/290/73 100/291/73 101/292/73
f 104/293/74 102/294/74 103/295/74 105/296/74
f 102/297/75 98/298/75 99/299/75 103/300/75
f 101/301/76 100/302/76 104/303/76 105/304/76
f 100/305/77 98/306/77 102/307/77 104/308/77
f 103/309/78 99/310/78 101/311/78 105/312/78
f 107/313/79 106/314/79 108/315/79 109/316/79
f 112/317/80 110/318/80 111/319/80 113/320/80
f 110/321/81 106/322/81 107/323/81 111/324/81
f 109/325/82 108/326/82 112/327/82 113/328/82
f 108/329/83 106/330/83 110/331/83 112/332/83
f 111/333/84 107/334/84 109/335/84 113/336/84
f 115/337/85 114/338/85 116/339/85 117/340/85
f 120/341/86 118/342/86 119/343/86 121/344/86
f 118/345/87 114/346/87 115/347/87 119/348/87
f 117/349/88 116/350/88 120/351/88 121/352/88
f 116/353/89 114/354/89 118/355/89 120/356/89
f 119/357/90 115/358/90 117/359/90 121/360/90
f 123/361/91 122/362/91 124/363/91 125/364/91
f 128/365/92 126/366/92 127/367/92 129/368/92
f 126/369/93 122/370/93 123/371/93 127/372/93
f 125/373/94 124/374/94 128/375/94 129/376/94
f 124/377/95 122/378/95 126/379/95 128/380/95
f 127/381/96 123/382/96 125/383/96 129/384/96
f 131/385/97 130/386/97 132/387/97 133/388/97
f 136/389/98 134/390/98 135/391/98 137/392/98
f 134/393/99 130/394/99 131/395/99 135/396/99
f 133/397/100 132/398/100 136/399/100 137/400/100
f 132/401/101 130/402/101 134/403/101 136/404/101
f 135/405/102 131/406/102 133/407/102 137/408/102
f 139/409/103 138/410/103 140/411/103 141/412/103
f 144/413/104 142/414/104 143/415/104 145/416/104
f 142/417/105 138/418/105 139/419/105 143/420/105
f 141/421/106 140/422/106 144/423/106 145/424/106
f 140/425/107 138/426/107 142/427/107 144/428/107
f 143/429/108 139/430/108 141/431/108 145/432/108
f 147/433/109 146/434/109 148/435/109 149/436/109
f 152/437/110 150/438/110 151/439/110 153/440/110
f 150/441/111 146/442/111 147/443/111 151/444/111
f 149/445/112 148/446/112 152/447/112 153/448/112
f 148/449/113 146/450/113 150/451/113 152/452/113
f 151/453/114 147/454/114 149/455/114 153/456/114
f 155/457/115 154/458/115 156/459/115 157/460/115
f 160/461/116 158/462/116 159/463/116 161/464/116
f 158/465/117 154/466/117 155/467/117 159/468/117
f 157/469/118 156/470/118 160/471/118 161/472/118
f 156/473/119 154/474/119 158/475/119 160/476/119
f 159/477/120 155/478/120 157/479/120 161/480/120
f 163/481/121 162/482/121 164/483/121 165/484/121
f 168/485/122 166/486/122 167/487/122 169/488/122
f 166/489/123 162/490/123 163/491/123 167/492/123
f 165/493/124 164/494/124 168/495/124 169/496/124
f 164/497/125 162/498/125 166/499/125 168/500/125
f 167/501/126 163/502/126 165/503/126 169/504/126
f 171/505/127 170/506/127 172/507/127 173/508/127
f 176/509/128 174/510/128 175/511/128 177/512/128
f 174/513/129 170/514/129 171/515/129 175/516/129
f 173/517/130 172/518/130 176/519/130 177/520/130
f 172/521/131 170/522/131 174/523/131 176/524/131
f 175/525/132 171/526/132 173/527/132 177/528/132
f 179/529/133 178/530/133 180/531/133 181/532/133
f 184/533/134 182/534/134 183/535/134 185/536/134
f 182/537/135 178/538/135 179/539/135 183/540/135
f 181/541/136 180/542/136 184/543/136 185/544/136
f 180/545/137 178/546/137 182/547/137 184/548/137
f 183/549/138 179/550/138 181/551/138 185/552/138
f 187/553/139 186/554/139 188/555/139 189/556/139
f 192/557/140 190/558/140 191/559/140 193/560/140
f 190/561/141 186/562/141 187/563/141 191/564/141
f 189/565/142 188/566/142 192/567/142 193/568/142
f 188/569/143 186/570/143 190/571/143 192/572/143
f 191/573/144 187/574/144 189/575/144 193/576/144
f 195/577/145 194/578/145 196/579/145 197/580/145
f 200/581/146 198/582/146 199/583/146 201/584/146
f 198/585/147 194/586/147 195/587/147 199/588/147
f 197/589/148 196/590/148 200/591/148 201/592/148
f 196/593/149 194/594/149 198/595/149 200/596/149
f 199/597/150 195/598/150 197/599/150 201/600/150
f 203/601/151 202/602/151 204/603/151 205/604/151
f 208/605/152 206/606/152 207/607/152 209/608/152
f 206/609/153 202/610/153 203/611/153 207/612/153
f 205/613/154 204/614/154 208/615/154 209/616/154
f 204/617/155 202/618/155 206/619/155 208/620/155
f 207/621/156 203/622/156 205/623/156 209/624/156
f 211/625/157 210/626/157 212/627/157 213/628/157
f 216/629/158 214/630/158 215/631/158 217/632/158
f 214/633/159 210/634/159 211/635/159 215/636/159
f 213/637/160 212/638/160 216/639/160 217/640/160
f 212/641/161 210/642/161 214/643/161 216/644/161
f 215/645/162 211/646/162 213/647/162 217/648/162
f 219/649/163 218/650/163 220/651/163 221/652/163
f 224/653/164 222/654/164 223/655/164 225/656/164
f 222/657/165 218/658/165 219/659/165 223/660/165
f 221/661/166 220/662/166 224/663/166 225/664/166
f 220/665/167 218/666/167 222/667/167 224/668/167
f 223/669/168 219/670/168 221/671/168 225/672/168
f 227/673/169 226/674/169 228/675/169 229/676/169
f 232/677/170 230/678/170 231/679/170 233/680/170
f 230/681/171 226/682/171 227/683/171 231/684/171
f 229/685/172 228/686/172 232/687/172 233/688/172
f 228/689/173 226/690/173 230/691/173 232/692/173
f 231/693/174 227/694/174 229/695/174 233/696/174
f 235/697/175 234/698/175 236/699/175 237/700/175
f 240/701/176 238/702/176 239/703/176 241/704/176
f 238/705/177 234/706/177 235/707/177 239/708/177
f 237/709/178 236/710/178 240/711/178 241/712/178
f 236/713/179 234/714/179 238/715/179 240/716/179
f 239/717/180 235/718/180 237/719/180 241/720/180
f 243/721/181 242/722/181 244/723/181 245/724/181
f 248/725/182 246/726/182 247/727/182 249/728/182
f 246/729/183 242/730/183 243/731/183 247/732/183
f 245/733/184 244/734/184 248/735/184 249/736/184
f 244/737/185 242/738/185 246/739/185 248/740/185
f 247/741/186 243/742/186 245/743/186 249/744/186
f 251/745/187 250/746/187 252/747/187 253/748/187
f 256/749/188 254/750/188 255/751/188 257/752/188
f 254/753/189 250/754/189 251/755/189 255/756/189
f 253/757/190 252/758/190 256/759/190 257/760/190
f 252/761/191 250/762/191 254/763/191 256/764/191
f 255/765/192 251/766/192 253/767/192 257/768/192
f 259/769/193 258/770/193 260/771/193 261/772/193
f 264/773/194 262/774/194 263/775/194 265/776/194
f 262/777/195 258/778/195 259/779/195 263/780/195
f 261/781/196 260/782/196 264/783/196 265/784/196
f 260/785/197 258/786/197 262/787/197 264/788/197
f 263/789/198 259/790/198 261/791/198 265/792/198
f 267/793/199 266/794/199 268/795/199 269/796/199
f 272/797/200 270/798/200 271/799/200 273/800/200
f 270/801/201 266/802/201 267/803/201 271/804/201
f 269/805/202 268/806/202 272/807/202 273/808/202
f 268/809/203 266/810/203 270/811/203 272/812/203
f 271/813/204 267/814/204 269/815/204 273/816/204
f 275/817/205 274/818/205 276/819/205 277/820/205
f 280/821/206 278/822/206 279/823/206 281/824/206
f 278/825/207 274/826/207 275/827/207 279/828/207
f 277/829/208 276/830/208 280/831/208 281/832/208
f 276/833/209 274/834/209 278/835/209 280/836/209
f 279/837/210 275/838/210 277/839/210 281/840/210
f 283/841/211 282/842/211 284/843/211 285/844/211
f 288/845/212 286/846/212 287/847/212 289/848/212
f 286/849/213 282/850/213 283/851/213 287/852/213
f 285/853/214 284/854/214 288/855/214 289/856/214
f 284/857/215 282/858/215 286/859/215 288/860/215
f 287/861/216 283/862/216 285/863/216 289/864/216
f 291/865/217 290/866/217 292/867/217 293/868/217
f 296/869/218 294/870/218 295/871/218 297/872/218
f 294/873/219 290/874/219 291/875/219 295/876/219
f 293/877/220 292/878/220 296/879/220 297/880/220
f 292/881/221 290/882/221 294/883/221 296/884/221
f 295/885/222 291/886/222 293/887/222 297/888/222
f 299/889/223 298/890/223 300/891/223 301/892/223
f 304/893/224 302/894/224 303/895/224 305/896/224
f 302/897/225 298/898/225 299/899/225 303/900/225
f 301/901/226 300/902/226 304/903/226 305/904/226
f 300/905/227 298/906/227 302/907/227 304/908/227
f 303/909/228 299/910/228 301/911/228 305/912/228
f 307/913/229 306/914/229 308/915/229 309/916/229
f 312/917/230 310/918/230 311/919/230 313/920/230
f 310/921/231 306/922/231 307/923/231 311/924/231
f 309/925/232 308/926/232 312/927/232 313/928/232
f 308/929/233 306/930/233 310/931/233 312/932/233
f 311/933/234 307/934/234 309/935/234 313/936/234
f 315/937/235 314/938/235 316/939/235 317/940/235
f 320/941/236 318/942/236 319/943/236 321/944/236
f 318/945/237 314/946/237 315/947/237 319/948/237
f 317/949/238 316/950/238 320/951/238 321/952/238
f 316/953/239 314/954/239 318/955/239 320/956/239
f 319/957/240 315/958/240 317/959/240 321/960/240
f 323/961/241 322/962/241 324/963/241 325/964/241
f 328/965/242 326/966/242 327/967/242 329/968/242
f 326/969/243 322/970/243 323/971/243 327/972/243
f 325/973/244 324/974/244 328/975/244 329/976/244
f 324/977/245 322/978/245 326/979/245 328/980/245
f 327/981/246 323/982/246 325/983/246 329/984/246
f 331/985/247 330/986/247 332/987/247 333/988/247
f 336/989/248 334/990/248 335/991/248 337/992/248
f 334/993/249 330/994/249 331/995/249 335/996/249
f 333/997/250 332/998/250 336/999/250 337/1000/250
f 332/1001/251 330/1002/251 334/1003/251 336/1004/251
f 335/1005/252 331/1006/252 333/1007/252 337/1008/252
f 339/1009/253 338/1010/253 340/1011/253 341/1012/253
f 344/1013/254 342/1014/254 343/1015/254 345/1016/254
f 342/1017/255 338/1018/255 339/1019/255 343/1020/255
f 341/1021/256 340/1022/256 344/1023/256 345/1024/256
f 340/1025/257 338/1026/257 342/1027/257 344/1028/257
f 343/1029/258 339/1030/258 341/1031/258 345/1032/258
f 347/1033/259 346/1034/259 348/1035/259 349/1036/259
f 352/1037/260 350/1038/260 351/1039/260 353/1040/260
f 350/1041/261 346/1042/261 347/1043/261 351/1044/261
f 349/1045/262 348/1046/262 352/1047/262 353/1048/262
f 348/1049/263 346/1050/263 350/1051/263 352/1052/263
f 351/1053/264 347/1054/264 349/1055/264 353/1056/264
f 355/1057/265 354/1058/265 356/1059/265 357/1060/265
f 360/1061/266 358/1062/266 359/1063/266 361/1064/266
f 358/1065/267 354/1066/267 355/1067/267 359/1068/267
f 357/1069/268 356/1070/268 360/1071/268 361/1072/268
f 356/1073/269 354/1074/269 358/1075/269 360/1076/269
f 359/1077/270 355/1078/270 357/1079/270 361/1080/270
f 363/1081/271 362/1082/271 364/1083/271 365/1084/271
f 368/1085/272 366/1086/272 367/1087/272 369/1088/272
f 366/1089/273 362/1090/273 363/1091/273 367/1092/273
f 365/1093/274 364/1094/274 368/1095/274 369/1096/274
f 364/1097/275 362/1098/275 366/1099/275 368/1100/275
f 367/1101/276 363/1102/276 365/1103/276 369/1104/276
f 371/1105/277 370/1106/277 372/1107/277 373/1108/277
f 376/1109/278 374/1110/278 375/1111/278 377/1112/278
f 374/1113/279 370/1114/279 371/1115/279 375/1116/279
f 373/1117/280 372/1118/280 376/1119/280 377/1120/280
f 372/1121/281 370/1122/281 374/1123/281 376/1124/281
f 375/1125/282 371/1126/282 373/1127/282 377/1128/282
f 379/1129/283 378/1130/283 380/1131/283 381/1132/283
f 384/1133/284 382/1134/284 383/1135/284 385/1136/284
f 382/1137/285 378/1138/285 379/1139/285 383/1140/285
f 381/1141/286 380/1142/286 384/1143/286 385/1144/286
f 380/1145/287 378/1146/287 382/1147/287 384/1148/287
f 383/1149/288 379/1150/288 381/1151/288 385/1152/288
f 387/1153/289 386/1154/289 388/1155/289 389/1156/289
f 392/1157/290 390/1158/290 391/1159/290 393/1160/290
f 390/1161/291 386/1162/291 387/1163/291 391/1164/291
f 389/1165/292 388/1166/292 392/1167/292 393/1168/292
f 388/1169/293 386/1170/293 390/1171/293 392/1172/293
f 391/1173/294 387/1174/294 389/1175/294 393/1176/294
f 395/1177/295 394/1178/295 396/1179/295 397/1180/295
f 400/1181/296 398/1182/296 399/1183/296 401/1184/296
f 398/1185/297 394/1186/297 395/1187/297 399/1188/297
f 397/1189/298 396/1190/298 400/1191/298 401/1192/298
f 396/1193/299 394/1194/299 398/1195/299 400/1196/299
f 399/1197/300 395/1198/300 397/1199/300 401/1200/300
f 403/1201/301 402/1202/301 404/1203/301 405/1204/301
f 408/1205/302 406/1206/302 407/1207/302 409/1208/302
f 406/1209/303 402/1210/303 403/1211/303 407/1212/303
f 405/1213/304 404/1214/304 408/1215/304 409/1216/304
f 404/1217/305 402/1218/305 406/1219/305 408/1220/305
f 407/1221/306 403/1222/306 405/1223/306 409/1224/306
f 411/1225/307 410/1226/307 412/1227/307 413/1228/307
f 416/1229/308 414/1230/308 415/1231/308 417/1232/308
f 414/1233/309 410/1234/309 411/1235/309 415/1236/309
f 413/1237/310 412/1238/310 416/1239/310 417/1240/310
f 412/1241/311 410/1242/311 414/1243/311 416/1244/311
f 415/1245/312 411/1246/312 413/1247/312 417/1248/312
f 419/1249/313 418/1250/313 420/1251/313 421/1252/313
f 424/1253/314 422/1254/314 423/1255/314 425/1256/314
f 422/1257/315 418/1258/315 419/1259/315 423/1260/315
f 421/1261/316 420/1262/316 424/1263/316 425/1264/316
f 420/1265/317 418/1266/317 422/1267/317 424/1268/317
f 423/1269/318 419/1270/318 421/1271/318 425/1272/318
f 427/1273/319 426/1274/319 428/1275/319 429/1276/319
f 432/1277/320 430/1278/320 431/1279/320 433/1280/320
f 430/1281/321 426/1282/321 427/1283/321 431/1284/321
f 429/1285/322 428/1286/322 432/1287/322 433/1288/322
f 428/1289/323 426/1290/323 430/1291/323 432/1292/323
f 431/1293/324 427/1294/324 429/1295/324 433/1296/324
f 435/1297/325 434/1298/325 436/1299/325 437/1300/325
f 440/1301/326 438/1302/326 439/1303/326 441/1304/326
f 438/1305/327 434/1306/327 435/1307/327 439/1308/327
f 437/1309/328 436/1310/328 440/1311/328 441/1312/328
f 436/1313/329 434/1314/329 438/1315/329 440/1316/329
f 439/1317/330 435/1318/330 437/1319/330 441/1320/330
f 443/1321/331 442/1322/331 444/1323/331 445/1324/331
f 448/1325/332 446/1326/332 447/1327/332 449/1328/332
f 446/1329/333 442/1330/333 443/1331/333 447/1332/333
f 445/1333/334 444/1334/334 448/1335/334 449/1336/334
f 444/1337/335 442/1338/335 446/1339/335 448/1340/335
f 447/1341/336 443/1342/336 445/1343/336 449/1344/336
f 451/1345/337 450/1346/337 452/1347/337 453/1348/337
f 456/1349/338 454/1350/338 455/1351/338 457/1352/338
f 454/1353/339 450/1354/339 451/1355/339 455/1356/339
f 453/1357/340 452/1358/340 456/1359/340 457/1360/340
f 452/1361/341 450/1362/341 454/1363/341 456/1364/341
f 455/1365/342 451/1366/342 453/1367/342 457/1368/342
f 459/1369/343 458/1370/343 460/1371/343 461/1372/343
f 464/1373/344 462/1374/344 463/1375/344 465/1376/344
f 462/1377/345 458/1378/345 459/1379/345 463/1380/345
f 461/1381/346 460/1382/346 464/1383/346 465/1384/346
f 460/1385/347 458/1386/347 462/1387/347 464/1388/347
f 463/1389/348 459/1390/348 461/1391/348 465/1392/348
f 467/1393/349 466/1394/349 468/1395/349 469/1396/349
f 472/1397/350 470/1398/350 471/1399/350 473/1400/350
f 470/1401/351 466/1402/351 467/1403/351 471/1404/351
f 469/1405/352 468/1406/352 472/1407/352 473/1408/352
f 468/1409/353 466/1410/353 470/1411/353 472/1412/353
f 471/1413/354 467/1414/354 469/1415/354 473/1416/354
f 475/1417/355 474/1418/355 476/1419/355 477/1420/355
f 480/1421/356 478/1422/356 479/1423/356 481/1424/356
f 478/1425/357 474/1426/357 475/1427/357 479/1428/357
f 477/1429/358 476/1430/358 480/1431/358 481/1432/358
f 476/1433/359 474/1434/359 478/1435/359 480/1436/359
f 479/1437/360 475/1438/360 477/1439/360 481/1440/360
f 483/1441/361 482/1442/361 484/1443/361 485/1444/361
f 488/1445/362 486/1446/362 487/1447/362 489/1448/362
f 486/1449/363 482/1450/363 483/1451/363 487/1452/363
f 485/1453/364 484/1454/364 488/1455/364 489/1456/364
f 484/1457/365 482/1458/365 486/1459/365 488/1460/365
f 487/1461/366 483/1462/366 485/1463/366 489/1464/366
f 491/1465/367 490/1466/367 492/1467/367 493/1468/367
f 496/1469/368 494/1470/368 495/1471/368 497/1472/368
f 494/1473/369 490/1474/369 491/1475/369 495/1476/369
f 493/1477/370 492/1478/370 496/1479/370 497/1480/370
f 492/1481/371 490/1482/371 494/1483/371 496/1484/371
f 495/1485/372 491/1486/372 493/1487/372 497/1488/372
f 499/1489/373 498/1490/373 500/1491/373 501/1492/373
f 504/1493/374 502/1494/374 503/1495/374 505/1496/374
f 502/1497/375 498/1498/375 499/1499/375 503/1500/375
f 501/1501/376 500/1502/376 504/1503/376 505/1504/376
f 500/1505/377 498/1506/377 502/1507/377 504/1508/377
f 503/1509/378 499/1510/378 501/1511/378 505/1512/378
f 507/1513/379 506/1514/379 508/1515/379 509/1516/379
f 512/1517/380 510/1518/380 511/1519/380 513/1520/380
f 510/1521/381 506/1522/381 507/1523/381 511/1524/381
f 509/1525/382 508/1526/382 512/1527/382 513/1528/382
f 508/1529/383 506/1530/383 510/1531/383 512/1532/383
f 511/1533/384 507/1534/384 509/1535/384 513/1536/384
f 515/1537/385 514/1538/385 516/1539/385 517/1540/385
f 520/1541/386 518/1542/386 519/1543/386 521/1544/386
f 518/1545/387 514/1546/387 515/1547/387 519/1548/387
f 517/1549/388 516/1550/388 520/1551/388 521/1552/388
f 516/1553/389 514/1554/389 518/1555/389 520/1556/389
f 519/1557/390 515/1558/390 517/1559/390 521/1560/390
f 523/1561/391 522/1562/391 524/1563/391 525/1564/391
f 528/1565/392 526/1566/392 527/1567/392 529/1568/392
f 526/1569/393 522/1570/393 523/1571/393 527/1572/393
f 525/1573/394 524/1574/394 528/1575/394 529/1576/394
f 524/1577/395 522/1578/395 526/1579/395 528/1580/395
f 527/1581/396 523/1582/396 525/1583/396 529/1584/396
f 531/1585/397 530/1586/397 532/1587/397 533/1588/397
f 536/1589/398 534/1590/398 535/1591/398 537/1592/398
f 534/1593/399 530/1594/399 531/1595/399 535/1596/399
f 533/1597/400 532/1598/400 536/1599/400 537/1600/400
f 532/1601/401 530/1602/401 534/1603/401 536/1604/401
f 535/1605/402 531/1606/402 533/1607/402 537/1608/402
f 539/1609/403 538/1610/403 540/1611/403 541/1612/403
f 544/1613/404 542/1614/404 543/1615/404 545/1616/404
f 542/1617/405 538/1618/405 539/1619/405 543/1620/405
f 541/1621/406 540/1622/406 544/1623/406 545/1624/406
f 540/1625/407 538/1626/407 542/1627/407 544/1628/407
f 543/1629/408 539/1630/408 541/1631/408 545/1632/408
f 547/1633/409 546/1634/409 548/1635/409 549/1636/409
f 552/1637/410 550/1638/410 551/1639/410 553/1640/410
f 550/1641/411 546/1642/411 547/1643/411 551/1644/411
f 549/1645/412 548/1646/412 552/1647/412 553/1648/412
f 548/1649/413 546/1650/413 550/1651/413 552/1652/413
f 551/1653/414 547/1654/414 549/1655/414 553/1656/414
f 555/1657/415 554/1658/415 556/1659/415 557/1660/415
f 560/1661/416 558/1662/416 559/1663/416 561/1664/416
f 558/1665/417 554/1666/417 555/1667/417 559/1668/417
f 557/1669/418 556/1670/418 560/1671/418 561/1672/418
f 556/1673/419 554/1674/419 558/1675/419 560/1676/419
f 559/1677/420 555/1678/420 557/1679/420 561/1680/420
f 563/1681/421 562/1682/421 564/1683/421 565/1684/421
f 568/1685/422 566/1686/422 567/1687/422 569/1688/422
f 566/1689/423 562/1690/423 563/1691/423 567/1692/423
f 565/1693/424 564/1694/424 568/1695/424 569/1696/424
f 564/1697/425 562/1698/425 566/1699/425 568/1700/425
f 567/1701/426 563/1702/426 565/1703/426 569/1704/426
f 571/1705/427 570/1706/427 572/1707/427 573/1708/427
f 576/1709/428 574/1710/428 575/1711/428 577/1712/428
f 574/1713/429 570/1714/429 571/1715/429 575/1716/429
f 573/1717/430 572/1718/430 576/1719/430 577/1720/430
f 572/1721/431 570/1722/431 574/1723/431 576/1724/431
f 575/1725/432 571/1726/432 573/1727/432 577/1728/432
f 579/1729/433 578/1730/433 580/1731/433 581/1732/433
f 584/1733/434 582/1734/434 583/1735/434 585/1736/434
f 582/1737/435 578/1738/435 579/1739/435 583/1740/435
f 581/1741/436 580/1742/436 584/1743/436 585/1744/436
f 580/1745/437 578/1746/437 582/1747/437 584/1748/437
f 583/1749/438 579/1750/438 581/1751/438 585/1752/438
f 587/1753/439 586/1754/439 588/1755/439 589/1756/439
f 592/1757/440 590/1758/440 591/1759/440 593/1760/440
f 590/1761/441 586/1762/441 587/1763/441 591/1764/441
f 589/1765/442 588/1766/442 592/1767/442 593/1768/442
f 588/1769/443 586/1770/443 590/1771/443 592/1772/443
f 591/1773/444 587/1774/444 589/1775/444 593/1776/444
f 595/1777/445 594/1778/445 596/1779/445 597/1780/445
f 600/1781/446 598/1782/446 599/1783/446 601/1784/446
f 598/1785/447 594/1786/447 595/1787/447 599/1788/447
f 597/1789/448 596/1790/448 600/1791/448 601/1792/448
f 596/1793/449 594/1794/449 598/1795/449 600/1796/449
f 599/1797/450 595/1798/450 597/1799/450 601/1800/450
f 603/1801/451 602/1802/451 604/1803/451 605/1804/451
f 608/1805/452 606/1806/452 607/1807/452 609/1808/452
f 606/1809/453 602/1810/453 603/1811/453 607/1812/453
f 605/1813/454 604/1814/454 608/1815/454 609/1816/454
f 604/1817/455 602/1818/455 606/1819/455 608/1820/455
f 607/1821/456 603/1822/456 605/1823/456 609/1824/456
f 611/1825/457 610/1826/457 612/1827/457 613/1828/457
f 616/1829/458 614/1830/458 615/1831/458 617/1832/458
f 614/1833/459 610/1834/459 611/1835/459 615/1836/459
f 613/1837/460 612/1838/460 616/1839/460 617/1840/460
f 612/1841/461 610/1842/461 614/1843/461 616/1844/461
f 615/1845/462 611/1846/462 613/1847/462 617/1848/462
f 619/1849/463 618/1850/463 620/1851/463 621/1852/463
f 624/1853/464 622/1854/464 623/1855/464 625/1856/464
f 622/1857/465 618/1858/465 619/1859/465 623/1860/465
f 621/1861/466 620/1862/466 624/1863/466 625/1864/466
f 620/1865/467 618/1866/467 622/1867/467 624/1868/467
f 623/1869/468 619/1870/468 621/1871/468 625/1872/468
f 627/1873/469 626/1874/469 628/1875/469 629/1876/469
f 632/1877/470 630/1878/470 631/1879/470 633/1880/470
f 630/1881/471 626/1882/471 627/1883/471 631/1884/471
f 629/1885/472 628/1886/472 632/1887/472 633/1888/472
f 628/1889/473 626/1890/473 630/1891/473 632/1892/473
f 631/1893/474 627/1894/474 629/1895/474 633/1896/474
f 635/1897/475 634/1898/475 636/1899/475 637/1900/475
f 640/1901/476 638/1902/476 639/1903/476 641/1904/476
f 638/1905/477 634/1906/477 635/1907/477 639/1908/477
f 637/1909/478 636/1910/478 640/1911/478 641/1912/478
f 636/1913/479 634/1914/479 638/1915/479 640/1916/479
f 639/1917/480 635/1918/480 637/1919/480 641/1920/480
f 643/1921/481 642/1922/481 644/1923/481 645/1924/481
f 648/1925/482 646/1926/482 647/1927/482 649/1928/482
f 646/1929/483 642/1930/483 643/1931/483 647/1932/483
f 645/1933/484 644/1934/484 648/1935/484 649/1936/484
f 644/1937/485 642/1938/485 646/1939/485 648/1940/485
f 647/1941/486 643/1942/486 645/1943/486 649/1944/486
f 651/1945/487 650/1946/487 652/1947/487 653/1948/487
f 656/1949/488 654/1950/488 655/1951/488 657/1952/488
f 654/1953/489 650/1954/489 651/1955/489 655/1956/489
f 653/1957/490 652/1958/490 656/1959/490 657/1960/490
f 652/1961/491 650/1962/491 654/1963/491 656/1964/491
f 655/1965/492 651/1966/492 653/1967/492 657/1968/492
f 659/1969/493 658/1970/493 660/1971/493 661/1972/493
f 664/1973/494 662/1974/494 663/1975/494 665/1976/494
f 662/1977/495 658/1978/495 659/1979/495 663/1980/495
f 661/1981/496 660/1982/496 664/1983/496 665/1984/496
f 660/1985/497 658/1986/497 662/1987/497 664/1988/497
f 663/1989/498 659/1990/498 661/1991/498 665/1992/498
f 667/1993/499 666/1994/499 668/1995/499 669/1996/499
f 672/1997/500 670/1998/500 671/1999/500 673/2000/500
f 670/2001/501 666/2002/501 667/2003/501 671/2004/501
f 669/2005/502 668/2006/502 672/2007/502 673/2008/502
f 668/2009/503 666/2010/503 670/2011/503 672/2012/503
f 671/2013/504 667/2014/504 669/2015/504 673/2016/504
f 675/2017/505 674/2018/505 676/2019/505 677/2020/505
f 680/2021/506 678/2022/506 679/2023/506 681/2024/506
f 678/2025/507 674/2026/507 675/2027/507 679/2028/507
f 677/2029/508 676/2030/508 680/2031/508 681/2032/508
f 676/2033/509 674/2034/509 678/2035/509 680/2036/509
f 679/2037/510 675/2038/510 677/2039/510 681/2040/510
f 683/2041/511 682/2042/511 684/2043/511 685/2044/511
f 688/2045/512 686/2046/512 687/2047/512 689/2048/512
f 686/2049/513 682/2050/513 683/2051/513 687/2052/513
f 685/2053/514 684/2054/514 688/2055/514 689/2056/514
f 684/2057/515 682/2058/515 686/2059/515 688/2060/515
f 687/2061/516 683/2062/516 685/2063/516 689/2064/516
f 691/2065/517 690/2066/517 692/2067/517 693/2068/517
f 696/2069/518 694/2070/518 695/2071/518 697/2072/518
f 694/2073/519 690/2074/519 691/2075/519 695/2076/519
f 693/2077/520 692/2078/520 696/2079/520 697/2080/520
f 692/2081/521 690/2082/521 694/2083/521 696/2084/521
f 695/2085/522 691/2086/522 693/2087/522 697/2088/522
f 699/2089/523 698/2090/523 700/2091/523 701/2092/523
f 704/2093/524 702/2094/524 703/2095/524 705/2096/524
f 702/2097/525 698/2098/525 699/2099/525 703/2100/525
f 701/2101/526 700/2102/526 704/2103/526 705/2104/526
f 700/2105/527 698/2106/527 702/2107/527 704/2108/527
f 703/2109/528 699/2110/528 701/2111/528 705/2112/528
f 707/2113/529 706/2114/529 708/2115/529 709/2116/529
f 712/2117/530 710/2118/530 711/2119/530 713/2120/530
f 710/2121/531 706/2122/531 707/2123/531 711/2124/531
f 709/2125/532 708/2126/532 712/2127/532 713/2128/532
f 708/2129/533 706/2130/533 710/2131/533 712/2132/533
f 711/2133/534 707/2134/534 709/2135/534 713/2136/534
f 718/2137/535 716/2138/535 714/2139/535
f 716/2140/536 718/2141/536 719/2142/536 717/2143/536
f 717/2144/537 719/2145/537 715/2146/537
f 720/2147/538 718/2148/538 714/2149/538
f 718/2150/539 720/2151/539 721/2152/539 719/2153/539
f 719/2154/540 721/2155/540 715/2156/540
f 722/2157/541 720/2158/541 714/2159/541
f 720/2160/542 722/2161/542 723/2162/542 721/2163/542
f 721/2164/543 723/2165/543 715/2166/543
f 724/2167/544 722/2168/544 714/2169/544
f 722/2170/545 724/2171/545 725/2172/545 723/2173/545
f 723/2174/546 725/2175/546 715/2176/546
f 726/2177/547 724/2178/547 714/2179/547
f 724/2180/548 726/2181/548 727/2182/548 725/2183/548
f 725/2184/549 727/2185/549 715/2186/549
f 728/2187/550 726/2188/550 714/2189/550
f 726/2190/551 728/2191/551 1/2192/551 727/2193/551
f 727/2194/552 1/2195/552 715/2196/552
f 729/2197/553 728/2198/553 714/2199/553
f 728/2200/554 729/2201/554 730/2202/554 1/2203/554
f 1/2204/555 730/2205/555 715/2206/555
f 716/2207/556 729/2208/556 714/2209/556
f 729/2210/557 716/2211/557 717/2212/557 730/2213/557
f 730/2214/558 717/2215/558 715/2216/558
f 735/2217/559 733/2218/559 731/2219/559
f 733/2220/560 735/2221/560 736/2222/560 734/2223/560
f 734/2224/561 736/2225/561 732/2226/561
f 737/2227/562 735/2228/562 731/2229/562
f 735/2230/563 737/2231/563 738/2232/563 736/2233/563
f 736/2234/564 738/2235/564 732/2236/564
f 739/2237/565 737/2238/565 731/2239/565
f 737/2240/566 739/2241/566 740/2242/566 738/2243/566
f 738/2244/567 740/2245/567 732/2246/567
f 741/2247/568 739/2248/568 731/2249/568
f 739/2250/569 741/2251/569 742/2252/569 740/2253/569
f 740/2254/570 742/2255/570 732/2256/570
f 743/2257/571 741/2258/571 731/2259/571
f 741/2260/572 743/2261/572 744/2262/572 742/2263/572
f 742/2264/573 744/2265/573 732/2266/573
f 745/2267/574 743/2268/574 731/2269/574
f 743/2270/575 745/2271/575 746/2272/575 744/2273/575
f 744/2274/576 746/2275/576 732/2276/576
f 747/2277/577 745/2278/577 731/2279/577
f 745/2280/578 747/2281/578 748/2282/578 746/2283/578
f 746/2284/579 748/2285/579 732/2286/579
f 733/2287/580 747/2288/580 731/2289/580
f 747/2290/581 733/2291/581 734/2292/581 748/2293/581
f 748/2294/582 734/2295/582 732/2296/582
f 753/2297/583 751/2298/583 749/2299/583
f 751/2300/584 753/2301/584 754/2302/584 752/2303/584
f 752/2304/585 754/2305/585 750/2306/585
f 755/2307/586 753/2308/586 749/2309/586
f 753/2310/587 755/2311/587 756/2312/587 754/2313/587
f 754/2314/588 756/2315/588 750/2316/588
f 757/2317/589 755/2318/589 749/2319/589
f 755/2320/590 757/2321/590 758/2322/590 756/2323/590
f 756/2324/591 758/2325/591 750/2326/591
f 759/2327/592 757/2328/592 749/2329/592
f 757/2330/593 759/2331/593 760/2332/593 758/2333/593
f 758/2334/594 760/2335/594 750/2336/594
f 761/2337/595 759/2338/595 749/2339/595
f 759/2340/596 761/2341/596 762/2342/596 760/2343/596
f 760/2344/597 762/2345/597 750/2346/597
f 763/2347/598 761/2348/598 749/2349/598
f 761/2350/599 763/2351/599 764/2352/599 762/2353/599
f 762/2354/600 764/2355/600 750/2356/600
f 765/2357/601 763/2358/601 749/2359/601
f 763/2360/602 765/2361/602 766/2362/602 764/2363/602
f 764/2364/603 766/2365/603 750/2366/603
f 751/2367/604 765/2368/604 749/2369/604
f 765/2370/605 751/2371/605 752/2372/605 766/2373/605
f 766/2374/606 752/2375/606 750/2376/606
f 771/2377/607 769/2378/607 767/2379/607
f 769/2380/608 771/2381/608 772/2382/608 770/2383/608
f 770/2384/609 772/2385/609 768/2386/609
f 773/2387/610 771/2388/610 767/2389/610
f 771/2390/611 773/2391/611 774/2392/611 772/2393/611
f 772/2394/612 774/2395/612 768/2396/612
f 775/2397/613 773/2398/613 767/2399/613
f 773/2400/614 775/2401/614 776/2402/614 774/2403/614
f 774/2404/615 776/2405/615 768/2406/615
f 777/2407/616 775/2408/616 767/2409/616
f 775/2410/617 777/2411/617 778/2412/617 776/2413/617
f 776/2414/618 778/2415/618 768/2416/618
f 779/2417/619 777/2418/619 767/2419/619
f 777/2420/620 779/2421/620 780/2422/620 778/2423/620
f 778/2424/621 780/2425/621 768/2426/621
f 781/2427/622 779/2428/622 767/2429/622
f 779/2430/623 781/2431/623 782/2432/623 780/2433/623
f 780/2434/624 782/2435/624 768/2436/624
f 783/2437/625 781/2438/625 767/2439/625
f 781/2440/626 783/2441/626 784/2442/626 782/2443/626
f 782/2444/627 784/2445/627 768/2446/627
f 769/2447/628 783/2448/628 767/2449/628
f 783/2450/629 769/2451/629 770/2452/629 784/2453/629
f 784/2454/630 770/2455/630 768/2456/630
f 789/2457/631 787/2458/631 785/2459/631
f 787/2460/632 789/2461/632 790/2462/632 788/2463/632
f 788/2464/633 790/2465/633 786/2466/633
f 791/2467/634 789/2468/634 785/2469/634
f 789/2470/635 791/2471/635 792/2472/635 790/2473/635
f 790/2474/636 792/2475/636 786/2476/636
f 793/2477/637 791/2478/637 785/2479/637
f 791/2480/638 793/2481/638 794/2482/638 792/2483/638
f 792/2484/639 794/2485/639 786/2486/639
f 795/2487/640 793/2488/640 785/2489/640
f 793/2490/641 795/2491/641 796/2492/641 794/2493/641
f 794/2494/642 796/2495/642 786/2496/642
f 797/2497/643 795/2498/643 785/2499/643
f 795/2500/644 797/2501/644 798/2502/644 796/2503/644
f 796/2504/645 798/2505/645 786/2506/645
f 799/2507/646 797/2508/646 785/2509/646
f 797/2510/647 799/2511/647 800/2512/647 798/2513/647
f 798/2514/648 800/2515/648 786/2516/648
f 801/2517/649 799/2518/649 785/2519/649
f 799/2520/650 801/2521/650 802/2522/650 800/2523/650
f 800/2524/651 802/2525/651 786/2526/651
f 787/2527/652 801/2528/652 785/2529/652
f 801/2530/653 787/2531/653 788/2532/653 802/2533/653
f 802/2534/654 788/2535/654 786/2536/654
f 807/2537/655 805/2538/655 803/2539/655
f 805/2540/656 807/2541/656 808/2542/656 806/2543/656
f 806/2544/657 808/2545/657 804/2546/657
f 809/2547/658 807/2548/658 803/2549/658
f 807/2550/659 809/2551/659 810/2552/659 808/2553/659
f 808/2554/660 810/2555/660 804/2556/660
f 811/2557/661 809/2558/661 803/2559/661
f 809/2560/662 811/2561/662 812/2562/662 810/2563/662
f 810/2564/663 812/2565/663 804/2566/663
f 813/2567/664 811/2568/664 803/2569/664
f 811/2570/665 813/2571/665 814/2572/665 812/2573/665
f 812/2574/666 814/2575/666 804/2576/666
f 815/2577/667 813/2578/667 803/2579/667
f 813/2580/668 815/2581/668 816/2582/668 814/2583/668
f 814/2584/669 816/2585/669 804/2586/669
f 817/2587/670 815/2588/670 803/2589/670
f 815/2590/671 817/2591/671 818/2592/671 816/2593/671
f 816/2594/672 818/2595/672 804/2596/672
f 819/2597/673 817/2598/673 803/2599/673
f 817/2600/674 819/2601/674 820/2602/674 818/2603/674
f 818/2604/675 820/2605/675 804/2606/675
f 805/2607/676 819/2608/676 803/2609/676
f 819/2610/677 805/2611/677 806/2612/677 820/2613/677
f 820/2614/678 806/2615/678 804/2616/678
f 825/2617/679 823/2618/679 821/2619/679
f 823/2620/680 825/2621/680 826/2622/680 824/2623/680
f 824/2624/681 826/2625/681 822/2626/681
f 827/2627/682 825/2628/682 821/2629/682
f 825/2630/683 827/2631/683 828/2632/683 826/2633/683
f 826/2634/684 828/2635/684 822/2636/684
f 829/2637/685 827/2638/685 821/2639/685
f 827/2640/686 829/2641/686 830/2642/686 828/2643/686
f 828/2644/687 830/2645/687 822/2646/687
f 831/2647/688 829/2648/688 821/2649/688
f 829/2650/689 831/2651/689 832/2652/689 830/2653/689
f 830/2654/690 832/2655/690 822/2656/690
f 833/2657/691 831/2658/691 821/2659/691
f 831/2660/692 833/2661/692 834/2662/692 832/2663/692
f 832/2664/693 834/2665/693 822/2666/693
f 835/2667/694 833/2668/694 821/2669/694
f 833/2670/695 835/2671/695 836/2672/695 834/2673/695
f 834/2674/696 836/2675/696 822/2676/696
f 837/2677/697 835/2678/697 821/2679/697
f 835/2680/698 837/2681/698 838/2682/698 836/2683/698
f 836/2684/699 838/2685/699 822/2686/699
f 823/2687/700 837/2688/700 821/2689/700
f 837/2690/701 823/2691/701 824/2692/701 838/2693/701
f 838/2694/702 824/2695/702 822/2696/702
f 843/2697/703 841/2698/703 839/2699/703
f 841/2700/704 843/2701/704 844/2702/704 842/2703/704
f 842/2704/705 844/2705/705 840/2706/705
f 845/2707/706 843/2708/706 839/2709/706
f 843/2710/707 845/2711/707 846/2712/707 844/2713/707
f 844/2714/708 846/2715/708 840/2716/708
f 847/2717/709 845/2718/709 839/2719/709
f 845/2720/710 847/2721/710 848/2722/710 846/2723/710
f 846/2724/711 848/2725/711 840/2726/711
f 849/2727/712 847/2728/712 839/2729/712
f 847/2730/713 849/2731/713 850/2732/713 848/2733/713
f 848/2734/714 850/2735/714 840/2736/714
f 851/2737/715 849/2738/715 839/2739/715
f 849/2740/716 851/2741/716 852/2742/716 850/2743/716
f 850/2744/717 852/2745/717 840/2746/717
f 853/2747/718 851/2748/718 839/2749/718
f 851/2750/719 853/2751/719 854/2752/719 852/2753/719
f 852/2754/720 854/2755/720 840/2756/720
f 855/2757/721 853/2758/721 839/2759/721
f 853/2760/722 855/2761/722 856/2762/722 854/2763/722
f 854/2764/723 856/2765/723 840/2766/723
f 841/2767/724 855/2768/724 839/2769/724
f 855/2770/725 841/2771/725 842/2772/725 856/2773/725
f 856/2774/726 842/2775/726 840/2776/726
f 861/2777/727 859/2778/727 857/2779/727
f 859/2780/728 861/2781/728 862/2782/728 860/2783/728
f 860/2784/729 862/2785/729 858/2786/729
f 863/2787/730 861/2788/730 857/2789/730
f 861/2790/731 863/2791/731 864/2792/731 862/2793/731
f 862/2794/732 864/2795/732 858/2796/732
f 865/2797/733 863/2798/733 857/2799/733
f 863/2800/734 865/2801/734 866/2802/734 864/2803/734
f 864/2804/735 866/2805/735 858/2806/735
f 867/2807/736 865/2808/736 857/2809/736
f 865/2810/737 867/2811/737 868/2812/737 866/2813/737
f 866/2814/738 868/2815/738 858/2816/738
f 869/2817/739 867/2818/739 857/2819/739
f 867/2820/740 869/2821/740 870/2822/740 868/2823/740
f 868/2824/741 870/2825/741 858/2826/741
f 871/2827/742 869/2828/742 857/2829/742
f 869/2830/743 871/2831/743 872/2832/743 870/2833/743
f 870/2834/744 872/2835/744 858/2836/744
f 873/2837/745 871/2838/745 857/2839/745
f 871/2840/746 873/2841/746 874/2842/746 872/2843/746
f 872/2844/747 874/2845/747 858/2846/747
f 859/2847/748 873/2848/748 857/2849/748
f 873/2850/749 859/2851/749 860/2852/749 874/2853/749
f 874/2854/750 860/2855/750 858/2856/750
f 879/2857/751 877/2858/751 875/2859/751
f 877/2860/752 879/2861/752 880/2862/752 878/2863/752
f 878/2864/753 880/2865/753 876/2866/753
f 881/2867/754 879/2868/754 875/2869/754
f 879/2870/755 881/2871/755 882/2872/755 880/2873/755
f 880/2874/756 882/2875/756 876/2876/756
f 883/2877/757 881/2878/757 875/2879/757
f 881/2880/758 883/2881/758 884/2882/758 882/2883/758
f 882/2884/759 884/2885/759 876/2886/759
f 885/2887/760 883/2888/760 875/2889/760
f 883/2890/761 885/2891/761 886/2892/761 884/2893/761
f 884/2894/762 886/2895/762 876/2896/762
f 887/2897/763 885/2898/763 875/2899/763
f 885/2900/764 887/2901/764 888/2902/764 886/2903/764
f 886/2904/765 888/2905/765 876/2906/765
f 889/2907/766 887/2908/766 875/2909/766
f 887/2910/767 889/2911/767 890/2912/767 888/2913/767
f 888/2914/768 890/2915/768 876/2916/768
f 891/2917/769 889/2918/769 875/2919/769
f 889/2920/770 891/2921/770 892/2922/770 890/2923/770
f 890/2924/771 892/2925/771 876/2926/771
f 877/2927/772 891/2928/772 875/2929/772
f 891/2930/773 877/2931/773 878/2932/773 892/2933/773
f 892/2934/774 878/2935/774 876/2936/774
f 897/2937/775 895/2938/775 893/2939/775
f 895/2940/776 897/2941/776 898/2942/776 896/2943/776
f 896/2944/777 898/2945/777 894/2946/777
f 899/2947/778 897/2948/778 893/2949/778
f 897/2950/779 899/2951/779 900/2952/779 898/2953/779
f 898/2954/780 900/2955/780 894/2956/780
f 901/2957/781 899/2958/781 893/2959/781
f 899/2960/782 901/2961/782 902/2962/782 900/2963/782
f 900/2964/783 902/2965/783 894/2966/783
f 903/2967/784 901/2968/784 893/2969/784
f 901/2970/785 903/2971/785 904/2972/785 902/2973/785
f 902/2974/786 904/2975/786 894/2976/786
f 905/2977/787 903/2978/787 893/2979/787
f 903/2980/788 905/2981/788 906/2982/788 904/2983/788
f 904/2984/789 906/2985/789 894/2986/789
f 907/2987/790 905/2988/790 893/2989/790
f 905/2990/791 907/2991/791 908/2992/791 906/2993/791
f 906/2994/792 908/2995/792 894/2996/792
f 909/2997/793 907/2998/793 893/2999/793
f 907/3000/794 909/3001/794 910/3002/794 908/3003/794
f 908/3004/795 910/3005/795 894/3006/795
f 895/3007/796 909/3008/796 893/3009/796
f 909/3010/797 895/3011/797 896/3012/797 910/3013/797
f 910/3014/798 896/3015/798 894/3016/798
f 915/3017/799 913/3018/799 911/3019/799
f 913/3020/800 915/3021/800 916/3022/800 914/3023/800
f 914/3024/801 916/3025/801 912/3026/801
f 917/3027/802 915/3028/802 911/3029/802
f 915/3030/803 917/3031/803 918/3032/803 916/3033/803
f 916/3034/804 918/3035/804 912/3036/804
f 919/3037/805 917/3038/805 911/3039/805
f 917/3040/806 919/3041/806 920/3042/806 918/3043/806
f 918/3044/807 920/3045/807 912/3046/807
f 921/3047/808 919/3048/808 911/3049/808
f 919/3050/809 921/3051/809 922/3052/809 920/3053/809
f 920/3054/810 922/3055/810 912/3056/810
f 923/3057/811 921/3058/811 911/3059/811
f 921/3060/812 923/3061/812 924/3062/812 922/3063/812
f 922/3064/813 924/3065/813 912/3066/813
f 925/3067/814 923/3068/814 911/3069/814
f 923/3070/815 925/3071/815 926/3072/815 924/3073/815
f 924/3074/816 926/3075/816 912/3076/816
f 927/3077/817 925/3078/817 911/3079/817
f 925/3080/818 927/3081/818 928/3082/818 926/3083/818
f 926/3084/819 928/3085/819 912/3086/819
f 913/3087/820 927/3088/820 911/3089/820
f 927/3090/821 913/3091/821 914/3092/821 928/3093/821
f 928/3094/822 914/3095/822 912/3096/822
f 933/3097/823 931/3098/823 929/3099/823
f 931/3100/824 933/3101/824 934/3102/824 932/3103/824
f 932/3104/825 934/3105/825 930/3106/825
f 935/3107/826 933/3108/826 929/3109/826
f 933/3110/827 935/3111/827 936/3112/827 934/3113/827
f 934/3114/828 936/3115/828 930/3116/828
f 937/3117/829 935/3118/829 929/3119/829
f 935/3120/830 937/3121/830 938/3122/830 936/3123/830
f 936/3124/831 938/3125/831 930/3126/831
f 939/3127/832 937/3128/832 929/3129/832
f 937/3130/833 939/3131/833 940/3132/833 938/3133/833
f 938/3134/834 940/3135/834 930/3136/834
f 941/3137/835 939/3138/835 929/3139/835
f 939/3140/836 941/3141/836 942/3142/836 940/3143/836
f 940/3144/837 942/3145/837 930/3146/837
f 943/3147/838 941/3148/838 929/3149/838
f 941/3150/839 943/3151/839 944/3152/839 942/3153/839
f 942/3154/840 944/3155/840 930/3156/840
f 945/3157/841 943/3158/841 929/3159/841
f 943/3160/842 945/3161/842 946/3162/842 944/3163/842
f 944/3164/843 946/3165/843 930/3166/843
f 931/3167/844 945/3168/844 929/3169/844
f 945/3170/845 931/3171/845 932/3172/845 946/3173/845
f 946/3174/846 932/3175/846 930/3176/846
f 951/3177/847 949/3178/847 947/3179/847
f 949/3180/848 951/3181/848 952/3182/848 950/3183/848
f 950/3184/849 952/3185/849 948/3186/849
f 953/3187/850 951/3188/850 947/3189/850
f 951/3190/851 953/3191/851 954/3192/851 952/3193/851
f 952/3194/852 954/3195/852 948/3196/852
f 955/3197/853 953/3198/853 947/3199/853
f 953/3200/854 955/3201/854 956/3202/854 954/3203/854
f 954/3204/855 956/3205/855 948/3206/855
f 957/3207/856 955/3208/856 947/3209/856
f 955/3210/857 957/3211/857 958/3212/857 956/3213/857
f 956/3214/858 958/3215/858 948/3216/858
f 959/3217/859 957/3218/859 947/3219/859
f 957/3220/860 959/3221/860 960/3222/860 958/3223/860
f 958/3224/861 960/3225/861 948/3226/861
f 961/3227/862 959/3228/862 947/3229/862
f 959/3230/863 961/3231/863 962/3232/863 960/3233/863
f 960/3234/864 962/3235/864 948/3236/864
f 963/3237/865 961/3238/865 947/3239/865
f 961/3240/866 963/3241/866 964/3242/866 962/3243/866
f 962/3244/867 964/3245/867 948/3246/867
f 949/3247/868 963/3248/868 947/3249/868
f 963/3250/869 949/3251/869 950/3252/869 964/3253/869
f 964/3254/870 950/3255/870 948/3256/870
f 969/3257/871 967/3258/871 965/3259/871
f 967/3260/872 969/3261/872 970/3262/872 968/3263/872
f 968/3264/873 970/3265/873 966/3266/873
f 971/3267/874 969/3268/874 965/3269/874
f 969/3270/875 971/3271/875 972/3272/875 970/3273/875
f 970/3274/876 972/3275/876 966/3276/876
f 973/3277/877 971/3278/877 965/3279/877
f 971/3280/878 973/3281/878 974/3282/878 972/3283/878
f 972/3284/879 974/3285/879 966/3286/879
f 975/3287/880 973/3288/880 965/3289/880
f 973/3290/881 975/3291/881 976/3292/881 974/3293/881
f 974/3294/882 976/3295/882 966/3296/882
f 977/3297/883 975/3298/883 965/3299/883
f 975/3300/884 977/3301/884 978/3302/884 976/3303/884
f 976/3304/885 978/3305/885 966/3306/885
f 979/3307/886 977/3308/886 965/3309/886
f 977/3310/887 979/3311/887 980/3312/887 978/3313/887
f 978/3314/888 980/3315/888 966/3316/888
f 981/3317/889 979/3318/889 965/3319/889
f 979/3320/890 981/3321/890 982/3322/890 980/3323/890
f 980/3324/891 982/3325/891 966/3326/891
f 967/3327/892 981/3328/892 965/3329/892
f 981/3330/893 967/3331/893 968/3332/893 982/3333/893
f 982/3334/894 968/3335/894 966/3336/894
f 984/3337/895 983/3338/895 985/3339/895 986/3340/895
f 989/3341/896 987/3342/896 988/3343/896 990/3344/896
f 987/3345/897 983/3346/897 984/3347/897 988/3348/897
f 986/3349/898 985/3350/898 989/3351/898 990/3352/898
f 985/3353/899 983/3354/899 987/3355/899 989/3356/899
f 988/3357/900 984/3358/900 986/3359/900 990/3360/900
f 997/3361/901 995/3362/901 996/3363/901 998/3364/901
f 1015/3365/902 1013/3366/902 1014/3367/902 1016/3368/902
f 995/3369/903 997/3370/903 993/3371/903 991/3372/903
f 996/3373/904 995/3374/904 991/3375/904 992/3376/904
f 998/3377/905 996/3378/905 992/3379/905 994/3380/905
f 997/3381/906 998/3382/906 994/3383/906 993/3384/906
f 1005/3385/907 999/3386/907 1000/3387/907 1001/3388/907
f 1003/3389/908 1002/3390/908 1009/3391/908 1004/3392/908
f 1002/3393/909 999/3394/909 1005/3395/909 1009/3396/909
f 1001/3397/910 1000/3398/910 1003/3399/910 1004/3400/910
f 1000/3401/911 999/3402/911 1002/3403/911 1003/3404/911
f 1009/3405/912 1005/3406/912 1001/3407/912 1004/3408/912
f 1006/3409/913 1005/3410/913 1007/3411/913 1008/3412/913
f 1011/3413/914 1009/3414/914 1010/3415/914 1012/3416/914
f 1009/3417/915 1005/3418/915 1006/3419/915 1010/3420/915
f 1008/3421/916 1007/3422/916 1011/3423/916 1012/3424/916
f 1007/3425/917 1005/3426/917 1009/3427/917 1011/3428/917
f 1010/3429/918 1006/3430/918 1008/3431/918 1012/3432/918
f 1013/3433/919 1015/3434/919 992/3435/919 991/3436/919
f 1014/3437/920 1013/3438/920 991/3439/920 993/3440/920
f 1016/3441/921 1014/3442/921 993/3443/921 994/3444/921
f 1015/3445/922 1016/3446/922 994/3447/922 992/3448/922